-----> class_abilities_fixed
INSERT INTO class_abilities_fixed (class_name, min_stats, bonus_xp_stats, weapons, armor, non_proficiency_penalty, hd_type, primary_stat, alignment_restriction)
    VALUES ('Assassin', '{12, 11, 6, 12, 6, 1}', '{19, 19, 19, 19, 19, 19}', '{Battle-Axe, Hand-Axe, Long-Bow, Short-Bow, Composite-Long-Bow, Composite-Short-Bow, Club, Heavy-Crossbow, Light-Crossbow, Dagger, Dart, Heavy-Flail, Light-Flail, Halberd, Heavy-War-Hammer, Light-War-Hammer, Javelin, Lance, Heavy-Mace, Light-Mace, Morning-Star, Heavy-Pick, Light-Pick, Pole-Arm, Sling, Spear, Staff, Bastard-Sword, Broad-Sword, Long-Sword, Scimitar, Short-Sword, Two-Handed-Sword, Trident}', '{Elfin-Chain, Leather, Studded, Large-Shield, Medium-Shield, Small-Shield, Wooden-Shield}', 3, 6, 'dex', '{Lawful-Evil, Neutral-Evil, Chaotic-Evil}');
INSERT INTO class_abilities_fixed (class_name, min_stats, bonus_xp_stats, weapons, armor, non_proficiency_penalty, hd_type, primary_stat, alignment_restriction)
    VALUES ('Cleric', '{6, 6, 9, 3, 6, 6}', '{6, 6, 16, 3, 6, 6}', '{Club, Heavy-Flail, Light-Flail, Heavy-War-Hammer, Light-War-Hammer, Heavy-Mace, Light-Mace, Staff}', '{None, Banded, Chain, Elfin-Chain, Leather, Padded, Plate, Ring, Scale, Splint, Studded, Large-Shield, Medium-Shield, Small-Shield, Wooden-Shield}', 3, 8, 'wis', '{Lawful-Good, Neutral-Good, Chaotic-Good, Lawful-Neutral, Neutral, Chaotic-Neutral, Lawful-Evil, Neutral-Evil, Chaotic-Evil}');
INSERT INTO class_abilities_fixed (class_name, min_stats, bonus_xp_stats, weapons, armor, non_proficiency_penalty, hd_type, primary_stat, alignment_restriction)
    VALUES ('Druid', '{6, 6, 12, 6, 6, 15}', '{6, 6, 16, 6, 6, 16}', '{Club, Dagger, Dart, Heavy-War-Hammer, Light-War-Hammer, Scimitar, Sling, Spear, Staff}', '{None, Leather, Wooden-Shield}', 4, 8, 'cha', '{Neutral}');
INSERT INTO class_abilities_fixed (class_name, min_stats, bonus_xp_stats, weapons, armor, non_proficiency_penalty, hd_type, primary_stat, alignment_restriction)
    VALUES ('Fighter', '{9, 3, 6, 6, 7, 6}', '{16, 3, 6, 6, 7, 6}', '{Battle-Axe, Hand-Axe, Long-Bow, Short-Bow, Composite-Long-Bow, Composite-Short-Bow, Club, Heavy-Crossbow, Light-Crossbow, Dagger, Dart, Heavy-Flail, Light-Flail, Halberd, Heavy-War-Hammer, Light-War-Hammer, Javelin, Lance, Heavy-Mace, Light-Mace, Morning-Star, Heavy-Pick, Light-Pick, Pole-Arm, Sling, Spear, Staff, Bastard-Sword, Broad-Sword, Long-Sword, Scimitar, Short-Sword, Two-Handed-Sword, Trident}', '{None, Banded, Chain, Elfin-Chain, Leather, Padded, Plate, Ring, Scale, Splint, Studded, Large-Shield, Medium-Shield, Small-Shield, Wooden-Shield}', 2, 10, 'str', '{Lawful-Good, Neutral-Good, Chaotic-Good, Lawful-Neutral, Neutral, Chaotic-Neutral, Lawful-Evil, Neutral-Evil, Chaotic-Evil}');
INSERT INTO class_abilities_fixed (class_name, min_stats, bonus_xp_stats, weapons, armor, non_proficiency_penalty, hd_type, primary_stat, alignment_restriction)
    VALUES ('Illusionist', '{6, 6, 15, 16, 3, 6}', '{19, 19, 19, 19, 19, 19}', '{dagger, dart, staff}', '{}', 5, 4, 'int', '{Lawful-Good, Neutral-Good, Chaotic-Good, Lawful-Neutral, Neutral, Chaotic-Neutral, Lawful-Evil, Neutral-Evil, Chaotic-Evil}');
INSERT INTO class_abilities_fixed (class_name, min_stats, bonus_xp_stats, weapons, armor, non_proficiency_penalty, hd_type, primary_stat, alignment_restriction)
    VALUES ('Magic-User', '{3, 6, 9, 6, 6, 6}', '{3, 16, 6, 6, 6, 6}', '{dagger, dart, staff}', '{}', 5, 4, 'int','{Lawful-Good, Neutral-Good, Chaotic-Good, Lawful-Neutral, Neutral, Chaotic-Neutral, Lawful-Evil, Neutral-Evil, Chaotic-Evil}');
INSERT INTO class_abilities_fixed (class_name, min_stats, bonus_xp_stats, weapons, armor, non_proficiency_penalty, hd_type, primary_stat, alignment_restriction)
    VALUES ('Paladin', '{12, 9, 13, 6, 9, 17}', '{16, 9, 16, 6, 9, 17}', '{Battle-Axe, Hand-Axe, Long-Bow, Short-Bow, Composite-Long-Bow, Composite-Short-Bow, Club, Heavy-Crossbow, Light-Crossbow, Dagger, Dart, Heavy-Flail, Light-Flail, Halberd, Heavy-War-Hammer, Light-War-Hammer, Javelin, Lance, Heavy-Mace, Light-Mace, Morning-Star, Heavy-Pick, Light-Pick, Pole-Arm, Sling, Spear, Staff, Bastard-Sword, Broad-Sword, Long-Sword, Scimitar, Short-Sword, Two-Handed-Sword, Trident}', '{None, Banded, Chain, Elfin-Chain, Leather, Padded, Plate, Ring, Scale, Splint, Studded, Large-Shield, Medium-Shield, Small-Shield, Wooden-Shield}', 2, 10, 'str', '{Lawful-Good}');
INSERT INTO class_abilities_fixed (class_name, min_stats, bonus_xp_stats, weapons, armor, non_proficiency_penalty, hd_type, primary_stat, alignment_restriction)
    VALUES ('Ranger', '{13, 13, 14, 6, 14, 6}', '{16, 16, 16, 6, 14, 6}', '{Battle-Axe, Hand-Axe, Long-Bow, Short-Bow, Composite-Long-Bow, Composite-Short-Bow, Club, Heavy-Crossbow, Light-Crossbow, Dagger, Dart, Heavy-Flail, Light-Flail, Halberd, Heavy-War-Hammer, Light-War-Hammer, Javelin, Lance, Heavy-Mace, Light-Mace, Morning-Star, Heavy-Pick, Light-Pick, Pole-Arm, Sling, Spear, Staff, Bastard-Sword, Broad-Sword, Long-Sword, Scimitar, Short-Sword, Two-Handed-Sword, Trident}', '{None, Banded, Chain, Elfin-Chain, Leather, Padded, Plate, Ring, Scale, Splint, Studded, Large-Shield, Medium-Shield, Small-Shield, Wooden-Shield}', 2, 8, 'str', '{Lawful-Good, Neutral-Good, Chaotic-Good}');
INSERT INTO class_abilities_fixed (class_name, min_stats, bonus_xp_stats, weapons, armor, non_proficiency_penalty, hd_type, primary_stat, alignment_restriction)
    VALUES ('Thief', '{6, 6, 3, 9, 6, 6}', '{6, 6, 3, 16, 6, 6}', '{Club, Dagger, Dart, Sling, Broad-Sword, Long-Sword, Scimitar, Short-Sword}', '{Elfin-Chain, Leather, Studded}', 3, 6, 'dex', '{Lawful-Neutral, Neutral, Chaotic-Neutral, Lawful-Evil, Neutral-Evil, Chaotic-Evil}');
-----> class_abilities_variable
--> Assassin
INSERT INTO class_abilities_variable (class_name, level, xp_range, cleric_spells, druid_spells, illusionist_spells, "magic_user_spells",thief_skills, turn_undead, thac, saving_throws, proficiencies, special_abilities, hd, hp_bonus)
    VALUES ('Assassin', 1, '[0, 1600)', '{}', '{}', '{}', '{}', '{80, 25, 10, 20, 20, 30, 35, 1}', '{}', '{11, 12, 13, 14, 15, 16, 17, 18, 19, 20, 20, 20, 20 ,20, 20, 21, 22, 23, 24, 25, 26}', '{14, 16, 13, 12, 15}', 3, '&Assassination 50%&Backstab*2&Disguise&Poison', 1, 0);
INSERT INTO class_abilities_variable (class_name, level, xp_range, cleric_spells, druid_spells, illusionist_spells, "magic_user_spells",thief_skills, turn_undead, thac, saving_throws, proficiencies, special_abilities, hd, hp_bonus)
    VALUES ('Assassin', 2, '[1600, 3000)', '{}', '{}', '{}', '{}', '{80, 25, 10, 20, 20, 30, 35, 1}', '{}', '{11, 12, 13, 14, 15, 16, 17, 18, 19, 20, 20, 20, 20 ,20, 20, 21, 22, 23, 24, 25, 26}', '{14, 16, 13, 12, 15}', 3, '&Assassination 55%&Backstab*2&Disguise&Poison', 2, 0);
INSERT INTO class_abilities_variable (class_name, level, xp_range, cleric_spells, druid_spells, illusionist_spells, "magic_user_spells",thief_skills, turn_undead, thac, saving_throws, proficiencies, special_abilities, hd, hp_bonus)
    VALUES ('Assassin', 3, '[3000, 5750)', '{}', '{}', '{}', '{}', '{80, 25, 10, 20, 20, 30, 35, 1}', '{}', '{11, 12, 13, 14, 15, 16, 17, 18, 19, 20, 20, 20, 20 ,20, 20, 21, 22, 23, 24, 25, 26}', '{14, 16, 13, 12, 15}', 3, '&Assassination 60%&Backstab*2&Disguise&Poison', 3, 0);
INSERT INTO class_abilities_variable (class_name, level, xp_range, cleric_spells, druid_spells, illusionist_spells, "magic_user_spells",thief_skills, turn_undead, thac, saving_throws, proficiencies, special_abilities, hd, hp_bonus)
    VALUES ('Assassin', 4, '[5750, 12250)', '{}', '{}', '{}', '{}', '{82, 29, 13, 25, 25, 34, 39, 5}', '{}', '{11, 12, 13, 14, 15, 16, 17, 18, 19, 20, 20, 20, 20 ,20, 20, 21, 22, 23, 24, 25, 26}', '{14, 16, 13, 12, 15}', 3, '&Assassination 65%&Backstab*2&Disguise&Poison&May recruit assassin henchmen', 4, 0);
INSERT INTO class_abilities_variable (class_name, level, xp_range, cleric_spells, druid_spells, illusionist_spells, "magic_user_spells",thief_skills, turn_undead, thac, saving_throws, proficiencies, special_abilities, hd, hp_bonus)
    VALUES ('Assassin', 5, '[12250, 24750)', '{}', '{}', '{}', '{}', '{84, 33, 16, 30, 30, 38, 43, 10}', '{}', '{9, 10, 11, 12, 13, 14, 15, 16, 17, 18, 19, 20, 20 ,20, 20, 20, 20, 21, 22, 23, 24}', '{12, 15, 12, 11, 13}', 4, '&Assassination 70%&Backstab*3&Disguise&Poison&May recruit assassin henchmen', 5, 0);
INSERT INTO class_abilities_variable (class_name, level, xp_range, cleric_spells, druid_spells, illusionist_spells, "magic_user_spells",thief_skills, turn_undead, thac, saving_throws, proficiencies, special_abilities, hd, hp_bonus)
    VALUES ('Assassin', 6, '[24750, 50000)', '{}', '{}', '{}', '{}', '{86, 37, 19, 35, 35, 42, 47, 15}', '{}', '{9, 10, 11, 12, 13, 14, 15, 16, 17, 18, 19, 20, 20 ,20, 20, 20, 20, 21, 22, 23, 24}', '{12, 15, 12, 11, 13}', 4, '&Assassination 75%&Backstab*3&Disguise&Poison&May recruit assassin henchmen', 6, 0);
INSERT INTO class_abilities_variable (class_name, level, xp_range, cleric_spells, druid_spells, illusionist_spells, "magic_user_spells",thief_skills, turn_undead, thac, saving_throws, proficiencies, special_abilities, hd, hp_bonus)
    VALUES ('Assassin', 7, '[50000, 99000)', '{}', '{}', '{}', '{}', '{88, 41, 22, 40, 40, 46, 51, 20}', '{}', '{9, 10, 11, 12, 13, 14, 15, 16, 17, 18, 19, 20, 20 ,20, 20, 20, 20, 21, 22, 23, 24}', '{12, 15, 12, 11, 13}', 4, '&Assassination 80%&Backstab*3&Disguise&Poison&May recruit assassin henchmen', 7, 0);
INSERT INTO class_abilities_variable (class_name, level, xp_range, cleric_spells, druid_spells, illusionist_spells, "magic_user_spells",thief_skills, turn_undead, thac, saving_throws, proficiencies, special_abilities, hd, hp_bonus)
    VALUES ('Assassin', 8, '[99000, 200500)', '{}', '{}', '{}', '{}', '{90, 45, 25, 45, 45, 50, 55, 25}', '{}', '{9, 10, 11, 12, 13, 14, 15, 16, 17, 18, 19, 20, 20 ,20, 20, 20, 20, 21, 22, 23, 24}', '{12, 15, 12, 11, 13}', 4, '&Assassination 85%&Backstab*3&Disguise&Poison&May recruit assassins as henchmen&May recruit thieves as henchmen', 8, 0);
INSERT INTO class_abilities_variable (class_name, level, xp_range, cleric_spells, druid_spells, illusionist_spells, "magic_user_spells",thief_skills, turn_undead, thac, saving_throws, proficiencies, special_abilities, hd, hp_bonus)
    VALUES ('Assassin', 9, '[200500, 300000)', '{}', '{}', '{}', '{}', '{91, 49, 28, 50, 50, 54, 59, 30}', '{}', '{6, 7, 8, 9, 10, 11, 12, 13, 14, 15, 16, 17, 18 ,19, 20, 20, 20, 20, 20, 20, 21}', '{10, 14, 11, 10, 11}', 5, '&Assassination 90%&Backstab*4&Disguise&Poison&Languages&May recruit assassins as henchmen&May recruit thieves as henchmen', 9, 0);
INSERT INTO class_abilities_variable (class_name, level, xp_range, cleric_spells, druid_spells, illusionist_spells, "magic_user_spells",thief_skills, turn_undead, thac, saving_throws, proficiencies, special_abilities, hd, hp_bonus)
    VALUES ('Assassin', 10, '[300000, 400000)', '{}', '{}', '{}', '{}', '{92, 53, 31, 55, 55, 58, 63, 35}', '{}', '{6, 7, 8, 9, 10, 11, 12, 13, 14, 15, 16, 17, 18 ,19, 20, 20, 20, 20, 20, 20, 21}', '{10, 14, 11, 10, 11}', 5, '&Assassination 95%&Backstab*4&Disguise&Poison&Languages&May recruit assassins as henchmen&May recruit thieves as henchmen', 10, 0);
INSERT INTO class_abilities_variable (class_name, level, xp_range, cleric_spells, druid_spells, illusionist_spells, "magic_user_spells",thief_skills, turn_undead, thac, saving_throws, proficiencies, special_abilities, hd, hp_bonus)
    VALUES ('Assassin', 11, '[400000, 600000)', '{}', '{}', '{}', '{}', '{93, 57, 34, 60, 60, 62, 67, 40}', '{}', '{6, 7, 8, 9, 10, 11, 12, 13, 14, 15, 16, 17, 18 ,19, 20, 20, 20, 20, 20, 20, 21}', '{10, 14, 11, 10, 11}', 5, '&Assassination 100%&Backstab*4&Disguise&Poison&Languages&May recruit assassins as henchmen&May recruit thieves as henchmen', 11, 0);
INSERT INTO class_abilities_variable (class_name, level, xp_range, cleric_spells, druid_spells, illusionist_spells, "magic_user_spells",thief_skills, turn_undead, thac, saving_throws, proficiencies, special_abilities, hd, hp_bonus)
    VALUES ('Assassin', 12, '[600000, 750000)', '{}', '{}', '{}', '{}', '{94, 61, 37, 65, 65, 66, 71, 45}', '{}', '{6, 7, 8, 9, 10, 11, 12, 13, 14, 15, 16, 17, 18 ,19, 20, 20, 20, 20, 20, 20, 21}', '{10, 14, 11, 10, 11}', 5, '&Assassination 105%&Backstab*4&Disguise&Poison&Languages&Read scrolls&May recruit assassins as henchmen&May recruit thieves as henchmen&May recruit any class as henchmen', 12, 0);
INSERT INTO class_abilities_variable (class_name, level, xp_range, cleric_spells, druid_spells, illusionist_spells, "magic_user_spells",thief_skills, turn_undead, thac, saving_throws, proficiencies, special_abilities, hd, hp_bonus)
    VALUES ('Assassin', 13, '[750000, 1000000)', '{}', '{}', '{}', '{}', '{95, 65, 40, 70, 70, 70, 75, 50}', '{}', '{4, 5, 6, 7, 8, 9, 10, 11, 12, 13, 14, 15, 16 , 17, 18, 19, 20, 20, 20, 20, 20}', '{8, 13, 10, 9, 9}', 6, '&Assassination 110%&Backstab*5&Disguise&Poison&Languages&Read scrolls&May recruit assassins as henchmen&May recruit thieves as henchmen&May recruit any class as henchmen', 13, 0);
INSERT INTO class_abilities_variable (class_name, level, xp_range, cleric_spells, druid_spells, illusionist_spells, "magic_user_spells",thief_skills, turn_undead, thac, saving_throws, proficiencies, special_abilities, hd, hp_bonus)
    VALUES ('Assassin', 14, '[1000000, 1500000)', '{}', '{}', '{}', '{}', '{96, 69, 43, 75, 75, 74, 79, 55}', '{}', '{4, 5, 6, 7, 8, 9, 10, 11, 12, 13, 14, 15, 16 , 17, 18, 19, 20, 20, 20, 20, 20}', '{8, 13, 10, 9, 9}', 6, '&Assassination 115%&Backstab*5&Disguise&Poison&Languages&Read scrolls&May recruit assassins as henchmen&May recruit thieves as henchmen&May recruit any class as henchmen', 14, 0);
INSERT INTO class_abilities_variable (class_name, level, xp_range, cleric_spells, druid_spells, illusionist_spells, "magic_user_spells",thief_skills, turn_undead, thac, saving_throws, proficiencies, special_abilities, hd, hp_bonus)
    VALUES ('Assassin', 15, '[1500000, 1000000000]', '{}', '{}', '{}', '{}', '{97, 73, 46, 80, 80, 78, 83, 60}', '{}', '{4, 5, 6, 7, 8, 9, 10, 11, 12, 13, 14, 15, 16 , 17, 18, 19, 20, 20, 20, 20, 20}', '{8, 13, 10, 9, 9}', 6, '&Assassination 120%&Backstab*5&Disguise&Poison&Languages&Read scrolls&May recruit assassins as henchmen&May recruit thieves as henchmen&May recruit any class as henchmen', 15, 0);
--> Cleric
INSERT INTO class_abilities_variable (class_name, level, xp_range, cleric_spells, druid_spells, illusionist_spells, "magic_user_spells",thief_skills, turn_undead, thac, saving_throws, proficiencies, special_abilities, hd, hp_bonus)
    VALUES ('Cleric', 1, '[0, 1550)', '{1, 0, 0, 0, 0, 0, 0}', '{}', '{}', '{}', '{}', '{10, 13, 16, 19, 20, -, -, -, -, -, -, -, -}', '{10, 11, 12, 13, 14, 15, 16, 17, 18, 19, 20, 20, 20 ,20, 20, 20, 21, 22, 23, 24, 25}', '{14, 16, 10, 13, 15}', 2, '', 1, 0);
INSERT INTO class_abilities_variable (class_name, level, xp_range, cleric_spells, druid_spells, illusionist_spells, "magic_user_spells",thief_skills, turn_undead, thac, saving_throws, proficiencies, special_abilities, hd, hp_bonus)
    VALUES ('Cleric', 2, '[1550, 2900)', '{2, 0, 0, 0, 0, 0, 0}', '{}', '{}', '{}', '{}', '{7, 10, 13, 16, 19, 20, -, -, -, -, -, -, -}', '{10, 11, 12, 13, 14, 15, 16, 17, 18, 19, 20, 20, 20 ,20, 20, 20, 21, 22, 23, 24, 25}', '{14, 16, 10, 13, 15}', 2, '', 2, 0);
INSERT INTO class_abilities_variable (class_name, level, xp_range, cleric_spells, druid_spells, illusionist_spells, "magic_user_spells",thief_skills, turn_undead, thac, saving_throws, proficiencies, special_abilities, hd, hp_bonus)
    VALUES ('Cleric', 3, '[2900, 6000)', '{2, 1, 0, 0, 0, 0, 0}', '{}', '{}', '{}', '{}', '{4, 7, 10, 13, 16, 19, 20, -, -, -, -, -, -}', '{10, 11, 12, 13, 14, 15, 16, 17, 18, 19, 20, 20, 20 ,20, 20, 20, 21, 22, 23, 24, 25}', '{14, 16, 10, 13, 15}', 2, '', 3, 0);
INSERT INTO class_abilities_variable (class_name, level, xp_range, cleric_spells, druid_spells, illusionist_spells, "magic_user_spells",thief_skills, turn_undead, thac, saving_throws, proficiencies, special_abilities, hd, hp_bonus)
    VALUES ('Cleric', 4, '[6000, 13250)', '{3, 2, 0, 0, 0, 0, 0}', '{}', '{}', '{}', '{}', '{T, T, 4, 7, 10, 13, 16, 19, 20, -, -, -, -}', '{8, 9, 10, 11, 12, 13, 14, 15, 16, 17, 18, 19, 20 ,20, 20, 20, 20, 20, 21, 22, 23}', '{14, 16, 10, 13, 15}', 2, '', 4, 0);
INSERT INTO class_abilities_variable (class_name, level, xp_range, cleric_spells, druid_spells, illusionist_spells, "magic_user_spells",thief_skills, turn_undead, thac, saving_throws, proficiencies, special_abilities, hd, hp_bonus)
    VALUES ('Cleric', 5, '[13250, 27000)', '{3, 3, 1, 0, 0, 0, 0}', '{}', '{}', '{}', '{}', '{T, T, T, 4, 7, 10, 13, 13, 19, 20, -, -, -}', '{8, 9, 10, 11, 12, 13, 14, 15, 16, 17, 18, 19, 20 ,20, 20, 20, 20, 20, 21, 22, 23}', '{14, 16, 10, 13, 15}', 2, '', 5, 0);
INSERT INTO class_abilities_variable (class_name, level, xp_range, cleric_spells, druid_spells, illusionist_spells, "magic_user_spells",thief_skills, turn_undead, thac, saving_throws, proficiencies, special_abilities, hd, hp_bonus)
    VALUES ('Cleric', 6, '[27000, 55000)', '{3, 3, 2, 0, 0, 0, 0}', '{}', '{}', '{}', '{}', '{D, D, T, T, 4, 7, 10, 13, 16, 19, 20, -, -}', '{8, 9, 10, 11, 12, 13, 14, 15, 16, 17, 18, 19, 20 ,20, 20, 20, 20, 20, 21, 22, 23}', '{14, 16, 10, 13, 15}', 2, '', 6, 0);
INSERT INTO class_abilities_variable (class_name, level, xp_range, cleric_spells, druid_spells, illusionist_spells, "magic_user_spells",thief_skills, turn_undead, thac, saving_throws, proficiencies, special_abilities, hd, hp_bonus)
    VALUES ('Cleric', 7, '[55000, 110000)', '{3, 3, 2, 1, 0, 0, 0}', '{}', '{}', '{}', '{}', '{D, D, D, T, T, 4, 7, 10, 13, 16, 19, 20, -}', '{6, 7, 8, 9, 10, 11, 12, 13, 14, 15, 16, 17, 18, 19, 20, 20, 20, 20, 20, 20, 21}', '{14, 16, 10, 13, 15}', 2, '', 7, 0);
INSERT INTO class_abilities_variable (class_name, level, xp_range, cleric_spells, druid_spells, illusionist_spells, "magic_user_spells",thief_skills, turn_undead, thac, saving_throws, proficiencies, special_abilities, hd, hp_bonus)
    VALUES ('Cleric', 8, '[110000, 220000)', '{3, 3, 3, 2, 0, 0, 0}', '{}', '{}', '{}', '{}', '{D, D, D, D, T, T, 4, 7, 10, 13, 16, 19, 20}', '{6, 7, 8, 9, 10, 11, 12, 13, 14, 15, 16, 17, 18, 19, 20, 20, 20, 20, 20, 20, 21}', '{14, 16, 10, 13, 15}', 2, '', 8, 0);
INSERT INTO class_abilities_variable (class_name, level, xp_range, cleric_spells, druid_spells, illusionist_spells, "magic_user_spells",thief_skills, turn_undead, thac, saving_throws, proficiencies, special_abilities, hd, hp_bonus)
    VALUES ('Cleric', 9, '[220000, 450000)', '{4, 4, 3, 2, 1, 0, 0}', '{}', '{}', '{}', '{}', '{D, D, D, D, D, T, T, 4, 7, 10, 13, 16, 19}', '{6, 7, 8, 9, 10, 11, 12, 13, 14, 15, 16, 17, 18, 19, 20, 20, 20, 20, 20, 20, 21}', '{14, 16, 10, 13, 15}', 2, 'High Priest(ess)', 9, 0);
INSERT INTO class_abilities_variable (class_name, level, xp_range, cleric_spells, druid_spells, illusionist_spells, "magic_user_spells",thief_skills, turn_undead, thac, saving_throws, proficiencies, special_abilities, hd, hp_bonus)
    VALUES ('Cleric', 10, '[450000, 675000)', '{4, 4, 3, 3, 2, 0, 0}', '{}', '{}', '{}', '{}', '{D, D, D, D, D, T, T, 4, 7, 10, 13, 16, 19}', '{4, 5, 6, 7, 8, 9, 10, 11, 12, 13, 14, 15, 16 ,17, 18, 19, 20, 20, 20, 20, 20}', '{14, 16, 10, 13, 15}', 2, 'High Priest(ess)', 9, 2);
INSERT INTO class_abilities_variable (class_name, level, xp_range, cleric_spells, druid_spells, illusionist_spells, "magic_user_spells",thief_skills, turn_undead, thac, saving_throws, proficiencies, special_abilities, hd, hp_bonus)
    VALUES ('Cleric', 11, '[675000, 900000)', '{5, 4, 4, 3, 2, 1, 0}', '{}', '{}', '{}', '{}', '{D, D, D, D, D, T, T, 4, 7, 10, 13, 16, 19}', '{4, 5, 6, 7, 8, 9, 10, 11, 12, 13, 14, 15, 16 ,17, 18, 19, 20, 20, 20, 20, 20}', '{14, 16, 10, 13, 15}', 2, 'High Priest(ess)', 9, 4);
INSERT INTO class_abilities_variable (class_name, level, xp_range, cleric_spells, druid_spells, illusionist_spells, "magic_user_spells",thief_skills, turn_undead, thac, saving_throws, proficiencies, special_abilities, hd, hp_bonus)
    VALUES ('Cleric', 12, '[900000, 1125000)', '{6, 5, 5, 3, 2, 2, 0}', '{}', '{}', '{}', '{}', '{D, D, D, D, D, T, T, 4, 7, 10, 13, 16, 19}', '{4, 5, 6, 7, 8, 9, 10, 11, 12, 13, 14, 15, 16 ,17, 18, 19, 20, 20, 20, 20, 20}', '{14, 16, 10, 13, 15}', 2, 'High Priest(ess)', 9, 6);
INSERT INTO class_abilities_variable (class_name, level, xp_range, cleric_spells, druid_spells, illusionist_spells, "magic_user_spells",thief_skills, turn_undead, thac, saving_throws, proficiencies, special_abilities, hd, hp_bonus)
    VALUES ('Cleric', 13, '[1125000, 1350000)', '{6, 6, 6, 4, 2, 2, 0}', '{}', '{}', '{}', '{}', '{D, D, D, D, D, T, T, 4, 7, 10, 13, 16, 19}', '{2, 3, 4, 5, 6, 7, 8, 9, 10, 11, 12, 13, 14 , 15, 16, 17, 18, 19, 20, 20, 20}', '{14, 16, 10, 13, 15}', 2, 'High Priest(ess)', 9, 8);
INSERT INTO class_abilities_variable (class_name, level, xp_range, cleric_spells, druid_spells, illusionist_spells, "magic_user_spells",thief_skills, turn_undead, thac, saving_throws, proficiencies, special_abilities, hd, hp_bonus)
    VALUES ('Cleric', 14, '[1350000, 1575000)', '{6, 6, 6, 5, 3, 2, 0}', '{}', '{}', '{}', '{}', '{D, D, D, D, D, D, T, T, T, 7, 10, 13, 16}', '{2, 3, 4, 5, 6, 7, 8, 9, 10, 11, 12, 13, 14 , 15, 16, 17, 18, 19, 20, 20, 20}', '{14, 16, 10, 13, 15}', 2, 'High Priest(ess)', 9, 10);
INSERT INTO class_abilities_variable (class_name, level, xp_range, cleric_spells, druid_spells, illusionist_spells, "magic_user_spells",thief_skills, turn_undead, thac, saving_throws, proficiencies, special_abilities, hd, hp_bonus)
    VALUES ('Cleric', 15, '[1575000, 1800000)', '{7, 7, 7, 5, 4, 2, 0}', '{}', '{}', '{}', '{}', '{D, D, D, D, D, D, T, T, T, 7, 10, 13, 16}', '{2, 3, 4, 5, 6, 7, 8, 9, 10, 11, 12, 13, 14 , 15, 16, 17, 18, 19, 20, 20, 20}', '{14, 16, 10, 13, 15}', 2, 'High Priest(ess)', 9, 12);
INSERT INTO class_abilities_variable (class_name, level, xp_range, cleric_spells, druid_spells, illusionist_spells, "magic_user_spells",thief_skills, turn_undead, thac, saving_throws, proficiencies, special_abilities, hd, hp_bonus)
    VALUES ('Cleric', 16, '[1800000, 2025000)', '{7, 7, 7, 6, 5, 3, 1}', '{}', '{}', '{}', '{}', '{D, D, D, D, D, D, T, T, T, 7, 10, 13, 16}', '{0, 1, 2, 3, 4, 5, 6, 7, 8, 9, 10, 11, 12, 13, 14, 15, 16, 17, 18, 19, 20}', '{14, 16, 10, 13, 15}', 2, 'High Priest(ess)', 9, 14);
INSERT INTO class_abilities_variable (class_name, level, xp_range, cleric_spells, druid_spells, illusionist_spells, "magic_user_spells",thief_skills, turn_undead, thac, saving_throws, proficiencies, special_abilities, hd, hp_bonus)
    VALUES ('Cleric', 17, '[2025000, 2250000)', '{8, 8, 8, 6, 5, 3, 1}', '{}', '{}', '{}', '{}', '{D, D, D, D, D, D, T, T, T, 7, 10, 13, 16}', '{0, 1, 2, 3, 4, 5, 6, 7, 8, 9, 10, 11, 12, 13, 14, 15, 16, 17, 18, 19, 20}', '{14, 16, 10, 13, 15}', 2, 'High Priest(ess)', 9, 16);
INSERT INTO class_abilities_variable (class_name, level, xp_range, cleric_spells, druid_spells, illusionist_spells, "magic_user_spells",thief_skills, turn_undead, thac, saving_throws, proficiencies, special_abilities, hd, hp_bonus)
    VALUES ('Cleric', 18, '[2250000, 2475000)', '{8, 8, 8, 7, 6, 4, 1}', '{}', '{}', '{}', '{}', '{D, D, D, D, D, D, T, T, T, 7, 10, 13, 16}', '{0, 1, 2, 3, 4, 5, 6, 7, 8, 9, 10, 11, 12, 13, 14, 15, 16, 17, 18, 19, 20}', '{14, 16, 10, 13, 15}', 2, 'High Priest(ess)', 9, 18);
INSERT INTO class_abilities_variable (class_name, level, xp_range, cleric_spells, druid_spells, illusionist_spells, "magic_user_spells",thief_skills, turn_undead, thac, saving_throws, proficiencies, special_abilities, hd, hp_bonus)
    VALUES ('Cleric', 19, '[2475000, 2700000)', '{9, 9, 9, 7, 6, 5, 2}', '{}', '{}', '{}', '{}', '{D, D, D, D, D, D, D, D, T, 4, 7, 10, 13}', '{-1, 0, 1, 2, 3, 4, 5, 6, 7, 8, 9, 10, 11, 12, 13, 14, 15, 16, 17, 18, 19}', '{14, 16, 10, 13, 15}', 2, 'High Priest(ess)', 9, 20);
INSERT INTO class_abilities_variable (class_name, level, xp_range, cleric_spells, druid_spells, illusionist_spells, "magic_user_spells",thief_skills, turn_undead, thac, saving_throws, proficiencies, special_abilities, hd, hp_bonus)
    VALUES ('Cleric', 20, '[2700000, 2950000)', '{9, 9, 9, 8, 7, 5, 2}', '{}', '{}', '{}', '{}', '{D, D, D, D, D, D, D, D, T, 4, 7, 10, 13}', '{-1, 0, 1, 2, 3, 4, 5, 6, 7, 8, 9, 10, 11, 12, 13, 14, 15, 16, 17, 18, 19}', '{14, 16, 10, 13, 15}', 2, 'High Priest(ess)', 9, 22);
INSERT INTO class_abilities_variable (class_name, level, xp_range, cleric_spells, druid_spells, illusionist_spells, "magic_user_spells",thief_skills, turn_undead, thac, saving_throws, proficiencies, special_abilities, hd, hp_bonus)
    VALUES ('Cleric', 21, '[2950000, 3150000)', '{9, 9, 9, 9, 8, 6, 2}', '{}', '{}', '{}', '{}', '{D, D, D, D, D, D, D, D, T, 4, 7, 10, 13}', '{-1, 0, 1, 2, 3, 4, 5, 6, 7, 8, 9, 10, 11, 12, 13, 14, 15, 16, 17, 18, 19}', '{14, 16, 10, 13, 15}', 2, 'High Priest(ess)', 9, 24);
INSERT INTO class_abilities_variable (class_name, level, xp_range, cleric_spells, druid_spells, illusionist_spells, "magic_user_spells",thief_skills, turn_undead, thac, saving_throws, proficiencies, special_abilities, hd, hp_bonus)
    VALUES ('Cleric', 22, '[3150000, 3375000)', '{9, 9, 9, 9, 9, 6, 3}', '{}', '{}', '{}', '{}', '{D, D, D, D, D, D, D, D, T, 4, 7, 10, 13}', '{-1, 0, 1, 2, 3, 4, 5, 6, 7, 8, 9, 10, 11, 12, 13, 14, 15, 16, 17, 18, 19}', '{14, 16, 10, 13, 15}', 2, 'High Priest(ess)', 9, 26);
INSERT INTO class_abilities_variable (class_name, level, xp_range, cleric_spells, druid_spells, illusionist_spells, "magic_user_spells",thief_skills, turn_undead, thac, saving_throws, proficiencies, special_abilities, hd, hp_bonus)
    VALUES ('Cleric', 23, '[3375000, 3600000)', '{9, 9, 9, 9, 9, 7, 3}', '{}', '{}', '{}', '{}', '{D, D, D, D, D, D, D, D, T, 4, 7, 10, 13}', '{-1, 0, 1, 2, 3, 4, 5, 6, 7, 8, 9, 10, 11, 12, 13, 14, 15, 16, 17, 18, 19}', '{14, 16, 10, 13, 15}', 2, 'High Priest(ess)', 9, 28);
INSERT INTO class_abilities_variable (class_name, level, xp_range, cleric_spells, druid_spells, illusionist_spells, "magic_user_spells",thief_skills, turn_undead, thac, saving_throws, proficiencies, special_abilities, hd, hp_bonus)
    VALUES ('Cleric', 24, '[3600000, 1000000000]', '{9, 9, 9, 9, 9, 8, 3}', '{}', '{}', '{}', '{}', '{D, D, D, D, D, D, D, D, T, 4, 7, 10, 13}', '{-1, 0, 1, 2, 3, 4, 5, 6, 7, 8, 9, 10, 11, 12, 13, 14, 15, 16, 17, 18, 19}', '{14, 16, 10, 13, 15}', 2, 'High Priest(ess)', 9, 30);
--> Druid
INSERT INTO class_abilities_variable (class_name, level, xp_range, cleric_spells, druid_spells, illusionist_spells, "magic_user_spells", thief_skills, turn_undead, thac, saving_throws, proficiencies, special_abilities, hd, hp_bonus)
    VALUES ('Druid', 1, '[0, 2000)', '{}', '{2, 0, 0, 0, 0, 0, 0}', '{}', '{}', '{}', '{}', '{10, 11, 12, 13, 14, 15, 16, 17, 18, 19, 20, 20, 20 ,20, 20, 20, 21, 22, 23, 24, 25}', '{14, 16, 10, 13, 15}', 2, '%Druids Cant%+2 to saves against fire & lightning', 1, 0);
INSERT INTO class_abilities_variable (class_name, level, xp_range, cleric_spells, druid_spells, illusionist_spells, "magic_user_spells",thief_skills, turn_undead, thac, saving_throws, proficiencies, special_abilities, hd, hp_bonus)
    VALUES ('Druid', 2, '[2000, 4000)', '{}', '{2, 1, 0, 0, 0, 0, 0}', '{}', '{}', '{}', '{}', '{10, 11, 12, 13, 14, 15, 16, 17, 18, 19, 20, 20, 20 ,20, 20, 20, 21, 22, 23, 24, 25}', '{14, 16, 10, 13, 15}', 2, '%Druids Cant%+2 to saves against fire & lightning', 1, 0);
INSERT INTO class_abilities_variable (class_name, level, xp_range, cleric_spells, druid_spells, illusionist_spells, "magic_user_spells",thief_skills, turn_undead, thac, saving_throws, proficiencies, special_abilities, hd, hp_bonus)
    VALUES ('Druid', 3, '[4000, 8000)', '{}', '{3, 2, 1, 0, 0, 0, 0}', '{}', '{}', '{}', '{}', '{10, 11, 12, 13, 14, 15, 16, 17, 18, 19, 20, 20, 20 ,20, 20, 20, 21, 22, 23, 24, 25}', '{14, 16, 10, 13, 15}', 2, '%Druids Cant%+2 to saves against fire & lightning%Wilderness Movement', 1, 0);
INSERT INTO class_abilities_variable (class_name, level, xp_range, cleric_spells, druid_spells, illusionist_spells, "magic_user_spells",thief_skills, turn_undead, thac, saving_throws, proficiencies, special_abilities, hd, hp_bonus)
    VALUES ('Druid', 4, '[8000, 12000)', '{}', '{4, 2, 2, 0, 0, 0, 0}', '{}', '{}', '{}', '{}', '{8, 9, 10, 11, 12, 13, 14, 15, 16, 17, 18, 19, 20 ,20, 20, 20, 20, 20, 21, 22, 23}', '{13, 15, 9, 12, 14}', 2, '%Druids Cant%+2 to saves against fire & lightning%Wilderness Movement', 1, 0);
INSERT INTO class_abilities_variable (class_name, level, xp_range, cleric_spells, druid_spells, illusionist_spells, "magic_user_spells",thief_skills, turn_undead, thac, saving_throws, proficiencies, special_abilities, hd, hp_bonus)
    VALUES ('Druid', 5, '[12000, 20000)', '{}', '{4, 3, 2, 0, 0, 0, 0}', '{}', '{}', '{}', '{}', '{8, 9, 10, 11, 12, 13, 14, 15, 16, 17, 18, 19, 20 ,20, 20, 20, 20, 20, 21, 22, 23}', '{13, 15, 9, 12, 14}', 2, '%Druids Cant%+2 to saves against fire & lightning%Wilderness Movement', 1, 0);
INSERT INTO class_abilities_variable (class_name, level, xp_range, cleric_spells, druid_spells, illusionist_spells, "magic_user_spells",thief_skills, turn_undead, thac, saving_throws, proficiencies, special_abilities, hd, hp_bonus)
    VALUES ('Druid', 6, '[20000, 35000)', '{}', '{4, 3, 2, 1, 0, 0, 0}', '{}', '{}', '{}', '{}', '{8, 9, 10, 11, 12, 13, 14, 15, 16, 17, 18, 19, 20 ,20, 20, 20, 20, 20, 21, 22, 23}', '{13, 15, 9, 12, 14}', 2, '%Druids Cant%+2 to saves against fire & lightning%Wilderness Movement', 1, 0);
INSERT INTO class_abilities_variable (class_name, level, xp_range, cleric_spells, druid_spells, illusionist_spells, "magic_user_spells",thief_skills, turn_undead, thac, saving_throws, proficiencies, special_abilities, hd, hp_bonus)
    VALUES ('Druid', 7, '[35000, 60000)', '{}', '{4, 4, 3, 1, 0, 0, 0}', '{}', '{}', '{}', '{}', '{6, 7, 8, 9, 10, 11, 12, 13, 14, 15, 16, 17, 18 ,19, 20, 20, 20, 20, 20, 20, 21}', '{11, 13, 7, 10, 12}', 2, '%Druids Cant%+2 to saves against fire & lightning%Wilderness Movement% Inmunity to Fey Charm%Shapeshift 3/day', 1, 0);
INSERT INTO class_abilities_variable (class_name, level, xp_range, cleric_spells, druid_spells, illusionist_spells, "magic_user_spells",thief_skills, turn_undead, thac, saving_throws, proficiencies, special_abilities, hd, hp_bonus)
    VALUES ('Druid', 8, '[60000, 90000)', '{}', '{4, 4, 3, 2, 0, 0, 0}', '{}', '{}', '{}', '{}', '{6, 7, 8, 9, 10, 11, 12, 13, 14, 15, 16, 17, 18 ,19, 20, 20, 20, 20, 20, 20, 21}', '{11, 13, 7, 10, 12}', 2, '%Druids Cant%+2 to saves against fire & lightning%Wilderness Movement% Inmunity to Fey Charm%Shapeshift 3/day', 1, 0);
INSERT INTO class_abilities_variable (class_name, level, xp_range, cleric_spells, druid_spells, illusionist_spells, "magic_user_spells",thief_skills, turn_undead, thac, saving_throws, proficiencies, special_abilities, hd, hp_bonus)
    VALUES ('Druid', 9, '[90000, 125000)', '{}', '{5, 4, 3, 2, 1, 0, 0}', '{}', '{}', '{}', '{}', '{6, 7, 8, 9, 10, 11, 12, 13, 14, 15, 16, 17, 18 ,19, 20, 20, 20, 20, 20, 20, 21}', '{11, 13, 7, 10, 12}', 2, '%Druids Cant%+2 to saves against fire & lightning%Wilderness Movement% Inmunity to Fey Charm%Shapeshift 3/day', 1, 0);
INSERT INTO class_abilities_variable (class_name, level, xp_range, cleric_spells, druid_spells, illusionist_spells, "magic_user_spells",thief_skills, turn_undead, thac, saving_throws, proficiencies, special_abilities, hd, hp_bonus)
    VALUES ('Druid', 10, '[125000, 200000)', '{}', '{5, 4, 3, 3, 2, 0, 0}', '{}', '{}', '{}', '{}', '{4, 5, 6, 7, 8, 9, 10, 11, 12, 13, 14, 15, 16, 17, 18, 19, 20, 20, 20, 20, 20}', '{10, 12, 6, 9, 11}', 2, '%Druids Cant%+2 to saves against fire & lightning%Wilderness Movement% Inmunity to Fey Charm%Shapeshift 3/day', 1, 0);
INSERT INTO class_abilities_variable (class_name, level, xp_range, cleric_spells, druid_spells, illusionist_spells, "magic_user_spells",thief_skills, turn_undead, thac, saving_throws, proficiencies, special_abilities, hd, hp_bonus)
    VALUES ('Druid', 11, '[200000, 300000)', '{}', '{5, 5, 3, 3, 2, 1, 0}', '{}', '{}', '{}', '{}', '{4, 5, 6, 7, 8, 9, 10, 11, 12, 13, 14, 15, 16, 17, 18, 19, 20, 20, 20, 20, 20}', '{10, 12, 6, 9, 11}', 2, '%Druids Cant%+2 to saves against fire & lightning%Wilderness Movement% Inmunity to Fey Charm%Shapeshift 3/day', 1, 0);
INSERT INTO class_abilities_variable (class_name, level, xp_range, cleric_spells, druid_spells, illusionist_spells, "magic_user_spells",thief_skills, turn_undead, thac, saving_throws, proficiencies, special_abilities, hd, hp_bonus)
    VALUES ('Druid', 12, '[300000, 750000)', '{}', '{5, 5, 4, 4, 3, 2, 1}', '{}', '{}', '{}', '{}', '{4, 5, 6, 7, 8, 9, 10, 11, 12, 13, 14, 15, 16, 17, 18, 19, 20, 20, 20, 20, 20}', '{10, 12, 6, 9, 11}', 2, '%Druids Cant%+2 to saves against fire & lightning%Wilderness Movement% Inmunity to Fey Charm%Shapeshift 3/day', 1, 0);
INSERT INTO class_abilities_variable (class_name, level, xp_range, cleric_spells, druid_spells, illusionist_spells, "magic_user_spells",thief_skills, turn_undead, thac, saving_throws, proficiencies, special_abilities, hd, hp_bonus)
    VALUES ('Druid', 13, '[750000, 1500000)', '{}', '{6, 5, 5, 5, 4, 3, 2}', '{}', '{}', '{}', '{}', '{2, 3, 4, 5, 6, 7, 8, 9, 10, 11, 12, 13, 14, 15, 16, 17, 18, 19, 20, 20, 20}', '{9, 11, 5, 8, 10}', 2, '%Druids Cant%+2 to saves against fire & lightning%Wilderness Movement% Inmunity to Fey Charm%Shapeshift 3/day', 1, 0);
INSERT INTO class_abilities_variable (class_name, level, xp_range, cleric_spells, druid_spells, illusionist_spells, "magic_user_spells",thief_skills, turn_undead, thac, saving_throws, proficiencies, special_abilities, hd, hp_bonus)
    VALUES ('Druid', 14, '[1500000, 1000000000]', '{}', '{6, 6, 6, 6, 5, 4, 3}', '{}', '{}', '{}', '{}', '{2, 3, 4, 5, 6, 7, 8, 9, 10, 11, 12, 13, 14, 15, 16, 17, 18, 19, 20, 20, 20}', '{9, 11, 5, 8, 10}', 2, '%Druids Cant%+2 to saves against fire & lightning%Wilderness Movement% Inmunity to Fey Charm%Shapeshift 3/day', 1, 0);
--> Fighter
INSERT INTO class_abilities_variable (class_name, level, xp_range, cleric_spells, druid_spells, illusionist_spells, "magic_user_spells", thief_skills, turn_undead, thac, saving_throws, proficiencies, special_abilities, hd, hp_bonus)
    VALUES ('Fighter', 1, '[0, 1900)', '{}', '{}', '{}', '{}', '{}', '{}', '{10, 11, 12, 13, 14, 15, 16, 17, 18, 19, 20, 20, 20 ,20, 20, 20, 21, 22, 23, 24, 25}', '{16, 17, 14, 15, 17}', 4, '%Fighting the unskilled%', 1, 0);
INSERT INTO class_abilities_variable (class_name, level, xp_range, cleric_spells, druid_spells, illusionist_spells, "magic_user_spells",thief_skills, turn_undead, thac, saving_throws, proficiencies, special_abilities, hd, hp_bonus)
    VALUES ('Fighter', 2, '[1900, 4250)', '{}', '{}', '{}', '{}', '{}', '{}', '{9, 10, 11, 12, 13, 14, 15, 16, 17, 18, 19, 20, 20 ,20, 20, 20, 20, 21, 22, 23, 24}', '{16, 17, 14, 15, 17}', 4, '%Fighting the unskilled%', 2, 0);
INSERT INTO class_abilities_variable (class_name, level, xp_range, cleric_spells, druid_spells, illusionist_spells, "magic_user_spells",thief_skills, turn_undead, thac, saving_throws, proficiencies, special_abilities, hd, hp_bonus)
    VALUES ('Fighter', 3, '[4250, 7750)', '{}', '{}', '{}', '{}', '{}', '{}', '{8, 9, 10, 11, 12, 13, 14, 15, 16, 17, 18, 19, 20 ,20, 20, 20, 20, 20, 21, 22, 23}', '{15, 16, 13, 14, 16}', 4, '%Fighting the unskilled%', 3, 0);
INSERT INTO class_abilities_variable (class_name, level, xp_range, cleric_spells, druid_spells, illusionist_spells, "magic_user_spells",thief_skills, turn_undead, thac, saving_throws, proficiencies, special_abilities, hd, hp_bonus)
    VALUES ('Fighter', 4, '[7750, 16000)', '{}', '{}', '{}', '{}', '{}', '{}', '{7, 8, 9, 10, 11, 12, 13, 14, 15, 16, 17, 18, 19 ,20, 20, 20, 20, 20, 20, 21, 22}', '{15, 16, 13, 14, 16}', 4, '%Fighting the unskilled%', 4, 0);
INSERT INTO class_abilities_variable (class_name, level, xp_range, cleric_spells, druid_spells, illusionist_spells, "magic_user_spells",thief_skills, turn_undead, thac, saving_throws, proficiencies, special_abilities, hd, hp_bonus)
    VALUES ('Fighter', 5, '[16000, 35000)', '{}', '{}', '{}', '{}', '{}', '{}', '{6, 7, 8, 9, 10, 11, 12, 13, 14, 15, 16, 17, 18, 19, 20, 20, 20, 20, 20, 20, 21}', '{13, 13, 11, 12, 14}', 4, '%Fighting the unskilled%', 5, 0);
INSERT INTO class_abilities_variable (class_name, level, xp_range, cleric_spells, druid_spells, illusionist_spells, "magic_user_spells",thief_skills, turn_undead, thac, saving_throws, proficiencies, special_abilities, hd, hp_bonus)
    VALUES ('Fighter', 6, '[35000, 75000)', '{}', '{}', '{}', '{}', '{}', '{}', '{5, 6, 7, 8, 9, 10, 11, 12, 13, 14, 15, 16, 17, 18, 19, 20, 20, 20, 20, 20, 20}', '{13, 13, 11, 12, 14}', 4, '%Fighting the unskilled%', 6, 0);
INSERT INTO class_abilities_variable (class_name, level, xp_range, cleric_spells, druid_spells, illusionist_spells, "magic_user_spells",thief_skills, turn_undead, thac, saving_throws, proficiencies, special_abilities, hd, hp_bonus)
    VALUES ('Fighter', 7, '[75000, 125000)', '{}', '{}', '{}', '{}', '{}', '{}', '{4, 5, 6, 7, 8, 9, 10, 11, 12, 13, 14, 15, 16, 17, 18, 19, 20, 20, 20, 20, 20}', '{12, 12, 10, 11, 13}', 4, '%Fighting the unskilled%Bonus attacks:3/2', 7, 0);
INSERT INTO class_abilities_variable (class_name, level, xp_range, cleric_spells, druid_spells, illusionist_spells, "magic_user_spells",thief_skills, turn_undead, thac, saving_throws, proficiencies, special_abilities, hd, hp_bonus)
    VALUES ('Fighter', 8, '[125000, 250000)', '{}', '{}', '{}', '{}', '{}', '{}', '{3, 4, 5, 6, 7, 8, 9, 10, 11, 12, 13, 14, 15, 16, 17, 18, 19, 20, 20, 20, 20}', '{12, 12, 10, 11, 13}', 4, '%Fighting the unskilled%Bonus attacks:3/2', 8, 0);
INSERT INTO class_abilities_variable (class_name, level, xp_range, cleric_spells, druid_spells, illusionist_spells, "magic_user_spells",thief_skills, turn_undead, thac, saving_throws, proficiencies, special_abilities, hd, hp_bonus)
    VALUES ('Fighter', 9, '[250000, 500000)', '{}', '{}', '{}', '{}', '{}', '{}', '{2, 3, 4, 5, 6, 7, 8, 9, 10, 11, 12, 13, 14, 15, 16, 17, 18, 19, 20, 20, 20}', '{10, 9, 8, 9, 11}', 4, '%Fighting the unskilled%Bonus attacks:3/2%Lord(Lady)', 9, 0);
INSERT INTO class_abilities_variable (class_name, level, xp_range, cleric_spells, druid_spells, illusionist_spells, "magic_user_spells",thief_skills, turn_undead, thac, saving_throws, proficiencies, special_abilities, hd, hp_bonus)
    VALUES ('Fighter', 10, '[500000, 750000)', '{}', '{}', '{}', '{}', '{}', '{}', '{1, 2, 3, 4, 5, 6, 7, 8, 9, 10, 11, 12, 13, 14, 15, 16, 17, 18, 19, 20, 20}', '{10, 9, 8, 9, 11}', 4, '%Fighting the unskilled%Bonus attacks:3/2%Lord(Lady)', 9, 3);
INSERT INTO class_abilities_variable (class_name, level, xp_range, cleric_spells, druid_spells, illusionist_spells, "magic_user_spells",thief_skills, turn_undead, thac, saving_throws, proficiencies, special_abilities, hd, hp_bonus)
    VALUES ('Fighter', 11, '[750000, 1000000)', '{}', '{}', '{}', '{}', '{}', '{}', '{0, 1, 2, 3, 4, 5, 6, 7, 8, 9, 10, 11, 12, 13, 14, 15, 16, 17, 18, 19, 20}', '{9, 8, 7, 8, 10}', 4, '%Fighting the unskilled%Bonus attacks:3/2%Lord(Lady)', 9, 6);
INSERT INTO class_abilities_variable (class_name, level, xp_range, cleric_spells, druid_spells, illusionist_spells, "magic_user_spells",thief_skills, turn_undead, thac, saving_throws, proficiencies, special_abilities, hd, hp_bonus)
    VALUES ('Fighter', 12, '[1000000, 1250000)', '{}', '{}', '{}', '{}', '{}', '{}', '{-1, 0, 1, 2, 3, 4, 5, 6, 7, 8, 9, 10, 11, 12, 13, 14, 15, 16, 17, 18, 19}', '{9, 8, 7, 8, 10}', 4, '%Fighting the unskilled%Bonus attacks:3/2%Lord(Lady)', 9, 9);
INSERT INTO class_abilities_variable (class_name, level, xp_range, cleric_spells, druid_spells, illusionist_spells, "magic_user_spells",thief_skills, turn_undead, thac, saving_throws, proficiencies, special_abilities, hd, hp_bonus)
    VALUES ('Fighter', 13, '[1250000, 1500000)', '{}', '{}', '{}', '{}', '{}', '{}', '{-2, -1, 0, 1, 2, 3, 4, 5, 6, 7, 8, 9, 10, 11, 12, 13, 14, 15, 16, 17, 18}', '{7, 5, 5, 6, 8}', 4, '%Fighting the unskilled%Bonus attacks:2/1%Lord(Lady)', 9, 12);
INSERT INTO class_abilities_variable (class_name, level, xp_range, cleric_spells, druid_spells, illusionist_spells, "magic_user_spells",thief_skills, turn_undead, thac, saving_throws, proficiencies, special_abilities, hd, hp_bonus)
    VALUES ('Fighter', 14, '[1500000, 1750000)', '{}', '{}', '{}', '{}', '{}', '{}', '{-3, -2, -1, 0, 1, 2, 3, 4, 5, 6, 7, 8, 9, 10, 11, 12, 13, 14, 15, 16, 17}', '{7, 5, 5, 6, 8}', 4, '%Fighting the unskilled%Bonus attacks:2/1%Lord(Lady)', 9, 15);
INSERT INTO class_abilities_variable (class_name, level, xp_range, cleric_spells, druid_spells, illusionist_spells, "magic_user_spells",thief_skills, turn_undead, thac, saving_throws, proficiencies, special_abilities, hd, hp_bonus)
    VALUES ('Fighter', 15, '[1750000, 2000000)', '{}', '{}', '{}', '{}', '{}', '{}', '{-4, -3, -2, -1, 0, 1, 2, 3, 4, 5, 6, 7, 8, 9, 10, 11, 12, 13, 14, 15, 16}', '{6, 4, 4, 5, 7}', 4, '%Fighting the unskilled%Bonus attacks:2/1%Lord(Lady)', 9, 18);
INSERT INTO class_abilities_variable (class_name, level, xp_range, cleric_spells, druid_spells, illusionist_spells, "magic_user_spells",thief_skills, turn_undead, thac, saving_throws, proficiencies, special_abilities, hd, hp_bonus)
    VALUES ('Fighter', 16, '[2000000, 2250000)', '{}', '{}', '{}', '{}', '{}', '{}', '{-5, -4, -3, -2, -1, 0, 1, 2, 3, 4, 5, 6, 7 ,8, 9, 10, 11, 12, 13, 14, 15}', '{6, 4, 4, 5, 7}', 4, '%Fighting the unskilled%Bonus attacks:2/1%Lord(Lady)', 9, 21);
INSERT INTO class_abilities_variable (class_name, level, xp_range, cleric_spells, druid_spells, illusionist_spells, "magic_user_spells",thief_skills, turn_undead, thac, saving_throws, proficiencies, special_abilities, hd, hp_bonus)
    VALUES ('Fighter', 17, '[2250000, 2500000)', '{}', '{}', '{}', '{}', '{}', '{}', '{-6, -5, -4, -3, -2, -1, 0, 1, 2, 3, 4, 5, 6, 7, 8, 9, 10, 11, 12, 13, 14}', '{5, 4, 3, 4, 6}', 4, '%Fighting the unskilled%Bonus attacks:2/1%Lord(Lady)', 9, 24);
INSERT INTO class_abilities_variable (class_name, level, xp_range, cleric_spells, druid_spells, illusionist_spells, "magic_user_spells",thief_skills, turn_undead, thac, saving_throws, proficiencies, special_abilities, hd, hp_bonus)
    VALUES ('Fighter', 18, '[2500000, 2750000)', '{}', '{}', '{}', '{}', '{}', '{}', '{-7, -6, -5, -4, -3, -2, -1, 0, 1, 2, 3, 4, 5, 6, 7, 8, 9, 10, 11, 12, 13}', '{5, 4, 3, 4, 6}', 4, '%Fighting the unskilled%Bonus attacks:2/1%Lord(Lady)', 9, 27);
INSERT INTO class_abilities_variable (class_name, level, xp_range, cleric_spells, druid_spells, illusionist_spells, "magic_user_spells",thief_skills, turn_undead, thac, saving_throws, proficiencies, special_abilities, hd, hp_bonus)
    VALUES ('Fighter', 19, '[2750000, 3000000)', '{}', '{}', '{}', '{}', '{}', '{}', '{-8, -7, -6, -5, -4, -3, -2, -1, 0, 1, 2, 3, 4, 5, 6, 7, 8, 9, 10, 11, 12}', '{4, 3, 2, 3, 5}', 4, '%Fighting the unskilled%Bonus attacks:2/1%Lord(Lady)', 9, 30);
INSERT INTO class_abilities_variable (class_name, level, xp_range, cleric_spells, druid_spells, illusionist_spells, "magic_user_spells",thief_skills, turn_undead, thac, saving_throws, proficiencies, special_abilities, hd, hp_bonus)
    VALUES ('Fighter', 20, '[3000000, 3250000)', '{}', '{}', '{}', '{}', '{}', '{}', '{-9, -8, -7, -6, -5, -4, -3, -2, -1, 0, 1, 2, 3, 4, 5, 6, 7, 8, 9, 10, 11}', '{4, 3, 2, 3, 5}', 4, '%Fighting the unskilled%Bonus attacks:2/1%Lord(Lady)', 9, 33);
INSERT INTO class_abilities_variable (class_name, level, xp_range, cleric_spells, druid_spells, illusionist_spells, "magic_user_spells",thief_skills, turn_undead, thac, saving_throws, proficiencies, special_abilities, hd, hp_bonus)
    VALUES ('Fighter', 21, '[3250000, 3500000)', '{}', '{}', '{}', '{}', '{}', '{}', '{-9, -8, -7, -6, -5, -4, -3, -2, -1, 0, 1, 2, 3, 4, 5, 6, 7, 8, 9, 10, 11}', '{4, 3, 2, 3, 5}', 4, '%Fighting the unskilled%Bonus attacks:2/1%Lord(Lady)', 9, 36);
INSERT INTO class_abilities_variable (class_name, level, xp_range, cleric_spells, druid_spells, illusionist_spells, "magic_user_spells",thief_skills, turn_undead, thac, saving_throws, proficiencies, special_abilities, hd, hp_bonus)
    VALUES ('Fighter', 22, '[3500000, 3750000)', '{}', '{}', '{}', '{}', '{}', '{}', '{-9, -8, -7, -6, -5, -4, -3, -2, -1, 0, 1, 2, 3, 4, 5, 6, 7, 8, 9, 10, 11}', '{4, 3, 2, 3, 5}', 4, '%Fighting the unskilled%Bonus attacks:2/1%Lord(Lady)', 9, 39);
INSERT INTO class_abilities_variable (class_name, level, xp_range, cleric_spells, druid_spells, illusionist_spells, "magic_user_spells",thief_skills, turn_undead, thac, saving_throws, proficiencies, special_abilities, hd, hp_bonus)
    VALUES ('Fighter', 23, '[3750000, 4000000)', '{}', '{}', '{}', '{}', '{}', '{}', '{-9, -8, -7, -6, -5, -4, -3, -2, -1, 0, 1, 2, 3, 4, 5, 6, 7, 8, 9, 10, 11}', '{4, 3, 2, 3, 5}', 4, '%Fighting the unskilled%Bonus attacks:2/1%Lord(Lady)', 9, 42);
INSERT INTO class_abilities_variable (class_name, level, xp_range, cleric_spells, druid_spells, illusionist_spells, "magic_user_spells",thief_skills, turn_undead, thac, saving_throws, proficiencies, special_abilities, hd, hp_bonus)
    VALUES ('Fighter', 24, '[4000000, 1000000000]', '{}', '{}', '{}', '{}', '{}', '{}', '{-9, -8, -7, -6, -5, -4, -3, -2, -1, 0, 1, 2, 3, 4, 5, 6, 7, 8, 9, 10, 11}', '{4, 3, 2, 3, 5}', 4, '%Fighting the unskilled%Bonus attacks:2/1%Lord(Lady)', 9, 45);
--> Illusionist
INSERT INTO class_abilities_variable (class_name, level, xp_range, cleric_spells, druid_spells, illusionist_spells, "magic_user_spells",thief_skills, turn_undead, thac, saving_throws, proficiencies, special_abilities, hd, hp_bonus)
    VALUES ('Illusionist', 1, '[0, 2500)', '{}', '{}', '{1, 0, 0, 0, 0, 0, 0}', '{}', '{}', '{}', '{11, 12, 13, 14, 15, 16, 17, 18, 19, 20, 20, 20, 20, 20, 20, 21, 22, 23, 24, 25, 26}', '{11, 15, 14, 13, 12}', 1, '', 1, 0);
INSERT INTO class_abilities_variable (class_name, level, xp_range, cleric_spells, druid_spells, illusionist_spells, "magic_user_spells",thief_skills, turn_undead, thac, saving_throws, proficiencies, special_abilities, hd, hp_bonus)
    VALUES ('Illusionist', 2, '[2500, 4750)', '{}', '{}', '{2, 0, 0, 0, 0, 0, 0}', '{}', '{}', '{}', '{11, 12, 13, 14, 15, 16, 17, 18, 19, 20, 20, 20, 20, 20, 20, 21, 22, 23, 24, 25, 26}', '{11, 15, 14, 13, 12}', 1, '', 2, 0);
INSERT INTO class_abilities_variable (class_name, level, xp_range, cleric_spells, druid_spells, illusionist_spells, "magic_user_spells",thief_skills, turn_undead, thac, saving_throws, proficiencies, special_abilities, hd, hp_bonus)
    VALUES ('Illusionist', 3, '[4750, 9000)', '{}', '{}', '{2, 1, 0, 0, 0, 0, 0}', '{}', '{}', '{}', '{11, 12, 13, 14, 15, 16, 17, 18, 19, 20, 20, 20, 20, 20, 20, 21, 22, 23, 24, 25, 26}', '{11, 15, 14, 13, 12}', 1, '', 3, 0);
INSERT INTO class_abilities_variable (class_name, level, xp_range, cleric_spells, druid_spells, illusionist_spells, "magic_user_spells",thief_skills, turn_undead, thac, saving_throws, proficiencies, special_abilities, hd, hp_bonus)
    VALUES ('Illusionist', 4, '[9000, 18000)', '{}', '{}', '{3, 2, 0, 0, 0, 0, 0}', '{}', '{}', '{}', '{11, 12, 13, 14, 15, 16, 17, 18, 19, 20, 20, 20, 20, 20, 20, 21, 22, 23, 24, 25, 26}', '{11, 15, 14, 13, 12}', 1, '', 4, 0);
INSERT INTO class_abilities_variable (class_name, level, xp_range, cleric_spells, druid_spells, illusionist_spells, "magic_user_spells",thief_skills, turn_undead, thac, saving_throws, proficiencies, special_abilities, hd, hp_bonus)
    VALUES ('Illusionist', 5, '[18000, 35000)', '{}', '{}', '{4, 3, 1, 0, 0, 0, 0}', '{}', '{}', '{}', '{11, 12, 13, 14, 15, 16, 17, 18, 19, 20, 20, 20, 20, 20, 20, 21, 22, 23, 24, 25, 26}', '{11, 15, 14, 13, 12}', 1, '', 5, 0);
INSERT INTO class_abilities_variable (class_name, level, xp_range, cleric_spells, druid_spells, illusionist_spells, "magic_user_spells",thief_skills, turn_undead, thac, saving_throws, proficiencies, special_abilities, hd, hp_bonus)
    VALUES ('Illusionist', 6, '[35000, 60250)', '{}', '{}', '{4, 3, 2, 0, 0, 0, 0}', '{}', '{}', '{}', '{9, 10, 11, 12, 13, 14, 15, 16, 17, 18, 19, 20, 20, 20, 20, 20, 20, 21, 22, 23, 24}', '{9, 13, 13, 11, 10}', 2, '', 6, 0);
INSERT INTO class_abilities_variable (class_name, level, xp_range, cleric_spells, druid_spells, illusionist_spells, "magic_user_spells",thief_skills, turn_undead, thac, saving_throws, proficiencies, special_abilities, hd, hp_bonus)
    VALUES ('Illusionist', 7, '[60250, 95000)', '{}', '{}', '{4, 3, 2, 1, 0, 0, 0}', '{}', '{}', '{}', '{9, 10, 11, 12, 13, 14, 15, 16, 17, 18, 19, 20, 20, 20, 20, 20, 20, 21, 22, 23, 24}', '{9, 13, 13, 11, 10}', 2, 'May hire henchmen', 7, 0);
INSERT INTO class_abilities_variable (class_name, level, xp_range, cleric_spells, druid_spells, illusionist_spells, "magic_user_spells",thief_skills, turn_undead, thac, saving_throws, proficiencies, special_abilities, hd, hp_bonus)
    VALUES ('Illusionist', 8, '[95000, 144500)', '{}', '{}', '{4, 3, 2, 2, 0, 0, 0}', '{}', '{}', '{}', '{9, 10, 11, 12, 13, 14, 15, 16, 17, 18, 19, 20, 20, 20, 20, 20, 20, 21, 22, 23, 24}', '{9, 13, 13, 11, 10}', 2, 'May hire henchmen', 8, 0);
INSERT INTO class_abilities_variable (class_name, level, xp_range, cleric_spells, druid_spells, illusionist_spells, "magic_user_spells",thief_skills, turn_undead, thac, saving_throws, proficiencies, special_abilities, hd, hp_bonus)
    VALUES ('Illusionist', 9, '[144500, 220000)', '{}', '{}', '{5, 3, 3, 2, 0, 0, 0}', '{}', '{}', '{}', '{9, 10, 11, 12, 13, 14, 15, 16, 17, 18, 19, 20, 20, 20, 20, 20, 20, 21, 22, 23, 24}', '{9, 13, 13, 11, 10}', 2, 'May hire henchmen', 9, 0);
INSERT INTO class_abilities_variable (class_name, level, xp_range, cleric_spells, druid_spells, illusionist_spells, "magic_user_spells",thief_skills, turn_undead, thac, saving_throws, proficiencies, special_abilities, hd, hp_bonus)
    VALUES ('Illusionist', 10, '[220000, 440000)', '{}', '{}', '{5, 4, 3, 2, 1, 0, 0}', '{}', '{}', '{}', '{9, 10, 11, 12, 13, 14, 15, 16, 17, 18, 19, 20, 20, 20, 20, 20, 20, 21, 22, 23, 24}', '{9, 13, 13, 11, 10}', 2, 'May hire henchmen', 10, 0);
INSERT INTO class_abilities_variable (class_name, level, xp_range, cleric_spells, druid_spells, illusionist_spells, "magic_user_spells",thief_skills, turn_undead, thac, saving_throws, proficiencies, special_abilities, hd, hp_bonus)
    VALUES ('Illusionist', 11, '[440000, 660000)', '{}', '{}', '{5, 4, 3, 3, 2, 0, 0}', '{}', '{}', '{}', '{7, 8, 9, 10, 11, 12, 13, 14, 15, 16, 17, 18, 19, 20, 20, 20, 20, 20, 20, 21, 22}', '{7, 11, 11, 9, 8}', 3, 'May hire henchmen', 10, 1);
INSERT INTO class_abilities_variable (class_name, level, xp_range, cleric_spells, druid_spells, illusionist_spells, "magic_user_spells",thief_skills, turn_undead, thac, saving_throws, proficiencies, special_abilities, hd, hp_bonus)
    VALUES ('Illusionist', 12, '[600000, 880000)', '{}', '{}', '{5, 5, 4, 3, 2, 1, 0}', '{}', '{}', '{}', '{7, 8, 9, 10, 11, 12, 13, 14, 15, 16, 17, 18, 19, 20, 20, 20, 20, 20, 20, 21, 22}', '{7, 11, 11, 9, 8}', 3, 'May hire henchmen', 10, 2);
INSERT INTO class_abilities_variable (class_name, level, xp_range, cleric_spells, druid_spells, illusionist_spells, "magic_user_spells",thief_skills, turn_undead, thac, saving_throws, proficiencies, special_abilities, hd, hp_bonus)
    VALUES ('Illusionist', 13, '[800000, 1100000)', '{}', '{}', '{5, 5, 4, 3, 2, 2, 0}', '{}', '{}', '{}', '{7, 8, 9, 10, 11, 12, 13, 14, 15, 16, 17, 18, 19, 20, 20, 20, 20, 20, 20, 21, 22}', '{7, 11, 11, 9, 8}', 3, 'May hire henchmen', 10, 3);
INSERT INTO class_abilities_variable (class_name, level, xp_range, cleric_spells, druid_spells, illusionist_spells, "magic_user_spells",thief_skills, turn_undead, thac, saving_throws, proficiencies, special_abilities, hd, hp_bonus)
    VALUES ('Illusionist', 14, '[1100000, 1320000)', '{}', '{}', '{5, 5, 4, 3, 2, 2, 1}', '{}', '{}', '{}', '{7, 8, 9, 10, 11, 12, 13, 14, 15, 16, 17, 18, 19, 20, 20, 20, 20, 20, 20, 21, 22}', '{7, 11, 11, 9, 8}', 3, 'May hire henchmen', 10, 4);
INSERT INTO class_abilities_variable (class_name, level, xp_range, cleric_spells, druid_spells, illusionist_spells, "magic_user_spells",thief_skills, turn_undead, thac, saving_throws, proficiencies, special_abilities, hd, hp_bonus)
    VALUES ('Illusionist', 15, '[1320000, 1540000)', '{}', '{}', '{5, 5, 4, 4, 2, 2, 2}', '{}', '{}', '{}', '{7, 8, 9, 10, 11, 12, 13, 14, 15, 16, 17, 18, 19, 20, 20, 20, 20, 20, 20, 21, 22}', '{7, 11, 11, 9, 8}', 3, 'May hire henchmen', 10, 5);
INSERT INTO class_abilities_variable (class_name, level, xp_range, cleric_spells, druid_spells, illusionist_spells, "magic_user_spells",thief_skills, turn_undead, thac, saving_throws, proficiencies, special_abilities, hd, hp_bonus)
    VALUES ('Illusionist', 16, '[1540000, 1760000)', '{}', '{}', '{5, 5, 5, 4, 3, 2, 2}', '{}', '{}', '{}', '{5, 6, 7, 8, 9, 10, 11, 12, 13, 14, 15, 16, 17, 18, 19, 20, 20, 20, 20, 20, 20}', '{5, 9, 10, 7, 6}', 3, 'May hire henchmen', 10, 6);
INSERT INTO class_abilities_variable (class_name, level, xp_range, cleric_spells, druid_spells, illusionist_spells, "magic_user_spells",thief_skills, turn_undead, thac, saving_throws, proficiencies, special_abilities, hd, hp_bonus)
    VALUES ('Illusionist', 17, '[1760000, 1980000)', '{}', '{}', '{6, 5, 5, 4, 3, 3, 2}', '{}', '{}', '{}', '{5, 6, 7, 8, 9, 10, 11, 12, 13, 14, 15, 16, 17, 18, 19, 20, 20, 20, 20, 20, 20}', '{5, 9, 10, 7, 6}', 3, 'May hire henchmen', 10, 7);
INSERT INTO class_abilities_variable (class_name, level, xp_range, cleric_spells, druid_spells, illusionist_spells, "magic_user_spells",thief_skills, turn_undead, thac, saving_throws, proficiencies, special_abilities, hd, hp_bonus)
    VALUES ('Illusionist', 18, '[1980000, 2200000)', '{}', '{}', '{6, 6, 5, 4, 4, 3, 2}', '{}', '{}', '{}', '{5, 6, 7, 8, 9, 10, 11, 12, 13, 14, 15, 16, 17, 18, 19, 20, 20, 20, 20, 20, 20}', '{5, 9, 10, 7, 6}', 3, 'May hire henchmen', 10, 8);
INSERT INTO class_abilities_variable (class_name, level, xp_range, cleric_spells, druid_spells, illusionist_spells, "magic_user_spells",thief_skills, turn_undead, thac, saving_throws, proficiencies, special_abilities, hd, hp_bonus)
    VALUES ('Illusionist', 19, '[2200000, 2420000)', '{}', '{}', '{6, 6, 5, 5, 5, 3, 2}', '{}', '{}', '{}', '{5, 6, 7, 8, 9, 10, 11, 12, 13, 14, 15, 16, 17, 18, 19, 20, 20, 20, 20, 20, 20}', '{5, 9, 10, 7, 6}', 3, 'May hire henchmen', 10, 9);
INSERT INTO class_abilities_variable (class_name, level, xp_range, cleric_spells, druid_spells, illusionist_spells, "magic_user_spells",thief_skills, turn_undead, thac, saving_throws, proficiencies, special_abilities, hd, hp_bonus)
    VALUES ('Illusionist', 20, '[2420000, 2640000)', '{}', '{}', '{6, 6, 6, 5, 5, 4, 2}', '{}', '{}', '{}', '{5, 6, 7, 8, 9, 10, 11, 12, 13, 14, 15, 16, 17, 18, 19, 20, 20, 20, 20, 20, 20}', '{5, 9, 10, 7, 6}', 3, 'May hire henchmen', 10, 10);
INSERT INTO class_abilities_variable (class_name, level, xp_range, cleric_spells, druid_spells, illusionist_spells, "magic_user_spells",thief_skills, turn_undead, thac, saving_throws, proficiencies, special_abilities, hd, hp_bonus)
    VALUES ('Illusionist', 21, '[2640000, 2860000)', '{}', '{}', '{6, 6, 6, 6, 5, 4, 3}', '{}', '{}', '{}', '{3, 4, 5, 6, 7, 8, 9, 10, 11, 12, 13, 14, 15, 16, 17, 18, 19, 20, 20, 20, 20}', '{3, 7, 8, 5, 4}', 3, 'May hire henchmen', 10, 11);
INSERT INTO class_abilities_variable (class_name, level, xp_range, cleric_spells, druid_spells, illusionist_spells, "magic_user_spells",thief_skills, turn_undead, thac, saving_throws, proficiencies, special_abilities, hd, hp_bonus)
    VALUES ('Illusionist', 22, '[2860000, 3080000)', '{}', '{}', '{6, 6, 6, 6, 5, 5, 3}', '{}', '{}', '{}', '{3, 4, 5, 6, 7, 8, 9, 10, 11, 12, 13, 14, 15, 16, 17, 18, 19, 20, 20, 20, 20}', '{3, 7, 8, 5, 4}', 3, 'May hire henchmen', 10, 12);
INSERT INTO class_abilities_variable (class_name, level, xp_range, cleric_spells, druid_spells, illusionist_spells, "magic_user_spells",thief_skills, turn_undead, thac, saving_throws, proficiencies, special_abilities, hd, hp_bonus)
    VALUES ('Illusionist', 23, '[3080000, 3300000)', '{}', '{}', '{6, 6, 6, 6, 6, 5, 4}', '{}', '{}', '{}', '{3, 4, 5, 6, 7, 8, 9, 10, 11, 12, 13, 14, 15, 16, 17, 18, 19, 20, 20, 20, 20}', '{3, 7, 8, 5, 4}', 3, 'May hire henchmen', 10, 13);
INSERT INTO class_abilities_variable (class_name, level, xp_range, cleric_spells, druid_spells, illusionist_spells, "magic_user_spells",thief_skills, turn_undead, thac, saving_throws, proficiencies, special_abilities, hd, hp_bonus)
    VALUES ('Illusionist', 24, '[3300000, 1000000000]', '{}', '{}', '{6, 6, 6, 6, 6, 6, 5}', '{}', '{}', '{}', '{3, 4, 5, 6, 7, 8, 9, 10, 11, 12, 13, 14, 15, 16, 17, 18, 19, 20, 20, 20, 20}', '{3, 7, 8, 5, 4}', 3, 'May hire henchmen', 10, 14);
--> magic user
INSERT INTO class_abilities_variable (class_name, level, xp_range, cleric_spells, druid_spells, illusionist_spells, "magic_user_spells", thief_skills, turn_undead, thac, saving_throws, proficiencies, special_abilities, hd, hp_bonus)
    VALUES ('Magic-User', 1, '[0, 2400)', '{}', '{}', '{}', '{1, 0, 0, 0, 0, 0, 0, 0, 0}', '{}', '{}', '{11, 12, 13, 14, 15, 16, 17, 18, 19, 20, 20, 20, 20, 20, 20, 21, 22, 23, 24, 25, 26}', '{11, 15, 14, 13, 12}', 1, '', 1, 0);
INSERT INTO class_abilities_variable (class_name, level, xp_range, cleric_spells, druid_spells, illusionist_spells, "magic_user_spells",thief_skills, turn_undead, thac, saving_throws, proficiencies, special_abilities, hd, hp_bonus)
    VALUES ('Magic-User', 2, '[2400, 4800)', '{}', '{}', '{}', '{2, 0, 0, 0, 0, 0, 0, 0, 0}', '{}', '{}', '{11, 12, 13, 14, 15, 16, 17, 18, 19, 20, 20, 20, 20, 20, 20, 21, 22, 23, 24, 25, 26}', '{11, 15, 14, 13, 12}', 1, '', 2, 0);
INSERT INTO class_abilities_variable (class_name, level, xp_range, cleric_spells, druid_spells, illusionist_spells, "magic_user_spells",thief_skills, turn_undead, thac, saving_throws, proficiencies, special_abilities, hd, hp_bonus)
    VALUES ('Magic-User', 3, '[4800, 10250)', '{}', '{}', '{}', '{2, 1, 0, 0, 0, 0, 0, 0, 0}', '{}', '{}', '{11, 12, 13, 14, 15, 16, 17, 18, 19, 20, 20, 20, 20, 20, 20, 21, 22, 23, 24, 25, 26}', '{11, 15, 14, 13, 12}', 1, '', 3, 0);
INSERT INTO class_abilities_variable (class_name, level, xp_range, cleric_spells, druid_spells, illusionist_spells, "magic_user_spells",thief_skills, turn_undead, thac, saving_throws, proficiencies, special_abilities, hd, hp_bonus)
    VALUES ('Magic-User', 4, '[10250, 22000)', '{}', '{}', '{}', '{3, 2, 0, 0, 0, 0, 0, 0, 0}', '{}', '{}', '{11, 12, 13, 14, 15, 16, 17, 18, 19, 20, 20, 20, 20, 20, 20, 21, 22, 23, 24, 25, 26}', '{11, 15, 14, 13, 12}', 1, '', 4, 0);
INSERT INTO class_abilities_variable (class_name, level, xp_range, cleric_spells, druid_spells, illusionist_spells, "magic_user_spells",thief_skills, turn_undead, thac, saving_throws, proficiencies, special_abilities, hd, hp_bonus)
    VALUES ('Magic-User', 5, '[22000, 40000)', '{}', '{}', '{}', '{4, 2, 1, 0, 0, 0, 0, 0, 0}', '{}', '{}', '{11, 12, 13, 14, 15, 16, 17, 18, 19, 20, 20, 20, 20, 20, 20, 21, 22, 23, 24, 25, 26}', '{11, 15, 14, 13, 12}', 1, '', 5, 0);
INSERT INTO class_abilities_variable (class_name, level, xp_range, cleric_spells, druid_spells, illusionist_spells, "magic_user_spells",thief_skills, turn_undead, thac, saving_throws, proficiencies, special_abilities, hd, hp_bonus)
    VALUES ('Magic-User', 6, '[40000, 60000)', '{}', '{}', '{}', '{4, 3, 2, 0, 0, 0, 0, 0, 0}', '{}', '{}', '{9, 10, 11, 12, 13, 14, 15, 16, 17, 18, 19, 20, 20, 20, 20, 20, 20, 21, 22, 23, 24}', '{9, 13, 13, 11, 10}', 2, '', 6, 0);
INSERT INTO class_abilities_variable (class_name, level, xp_range, cleric_spells, druid_spells, illusionist_spells, "magic_user_spells",thief_skills, turn_undead, thac, saving_throws, proficiencies, special_abilities, hd, hp_bonus)
    VALUES ('Magic-User', 7, '[60000, 80000)', '{}', '{}', '{}', '{4, 3, 2, 1, 0, 0, 0, 0, 0}', '{}', '{}', '{9, 10, 11, 12, 13, 14, 15, 16, 17, 18, 19, 20, 20, 20, 20, 20, 20, 21, 22, 23, 24}', '{9, 13, 13, 11, 10}', 2, '&Eldrich Craft', 7, 0);
INSERT INTO class_abilities_variable (class_name, level, xp_range, cleric_spells, druid_spells, illusionist_spells, "magic_user_spells",thief_skills, turn_undead, thac, saving_throws, proficiencies, special_abilities, hd, hp_bonus)
    VALUES ('Magic-User', 8, '[80000, 140000)', '{}', '{}', '{}', '{4, 3, 3, 2, 0, 0, 0, 0, 0}', '{}', '{}', '{9, 10, 11, 12, 13, 14, 15, 16, 17, 18, 19, 20, 20, 20, 20, 20, 20, 21, 22, 23, 24}', '{9, 13, 13, 11, 10}', 2, '&Eldrich Craft', 8, 0);
INSERT INTO class_abilities_variable (class_name, level, xp_range, cleric_spells, druid_spells, illusionist_spells, "magic_user_spells",thief_skills, turn_undead, thac, saving_throws, proficiencies, special_abilities, hd, hp_bonus)
    VALUES ('Magic-User', 9, '[140000, 250000)', '{}', '{}', '{}', '{4, 4, 3, 2, 1, 0, 0, 0, 0}', '{}', '{}', '{9, 10, 11, 12, 13, 14, 15, 16, 17, 18, 19, 20, 20, 20, 20, 20, 20, 21, 22, 23, 24}', '{9, 13, 13, 11, 10}', 2, '&Eldrich Craft', 9, 0);
INSERT INTO class_abilities_variable (class_name, level, xp_range, cleric_spells, druid_spells, illusionist_spells, "magic_user_spells",thief_skills, turn_undead, thac, saving_throws, proficiencies, special_abilities, hd, hp_bonus)
    VALUES ('Magic-User', 10, '[250000, 375000)', '{}', '{}', '{}', '{4, 4, 3, 2, 2, 0, 0, 0, 0}', '{}', '{}', '{9, 10, 11, 12, 13, 14, 15, 16, 17, 18, 19, 20, 20, 20, 20, 20, 20, 21, 22, 23, 24}', '{9, 13, 13, 11, 10}', 2, '&Eldrich Craft', 10, 0);
INSERT INTO class_abilities_variable (class_name, level, xp_range, cleric_spells, druid_spells, illusionist_spells, "magic_user_spells",thief_skills, turn_undead, thac, saving_throws, proficiencies, special_abilities, hd, hp_bonus)
    VALUES ('Magic-User', 11, '[375000, 750000)', '{}', '{}', '{}', '{4, 4, 4, 3, 3, 0, 0, 0, 0}', '{}', '{}', '{7, 8, 9, 10, 11, 12, 13, 14, 15, 16, 17, 18, 19, 20, 20, 20, 20, 20, 20, 21, 22}', '{7, 11, 11, 9, 8}', 3, '&Eldrich Craft', 11, 0);
INSERT INTO class_abilities_variable (class_name, level, xp_range, cleric_spells, druid_spells, illusionist_spells, "magic_user_spells",thief_skills, turn_undead, thac, saving_throws, proficiencies, special_abilities, hd, hp_bonus)
    VALUES ('Magic-User', 12, '[750000, 1125000)', '{}', '{}', '{}', '{5, 4, 4, 3, 3, 1, 0, 0, 0}', '{}', '{}', '{7, 8, 9, 10, 11, 12, 13, 14, 15, 16, 17, 18, 19, 20, 20, 20, 20, 20, 20, 21, 22}', '{7, 11, 11, 9, 8}', 3, '&Eldrich Craft&Edrich Power', 11, 1);
INSERT INTO class_abilities_variable (class_name, level, xp_range, cleric_spells, druid_spells, illusionist_spells, "magic_user_spells",thief_skills, turn_undead, thac, saving_throws, proficiencies, special_abilities, hd, hp_bonus)
    VALUES ('Magic-User', 13, '[1125000, 1500000)', '{}', '{}', '{}', '{5, 5, 4, 3, 3, 2, 0, 0, 0}', '{}', '{}', '{7, 8, 9, 10, 11, 12, 13, 14, 15, 16, 17, 18, 19, 20, 20, 20, 20, 20, 20, 21, 22}', '{7, 11, 11, 9, 8}', 3, '&Eldrich Craft&Edrich Power', 11, 2);
INSERT INTO class_abilities_variable (class_name, level, xp_range, cleric_spells, druid_spells, illusionist_spells, "magic_user_spells",thief_skills, turn_undead, thac, saving_throws, proficiencies, special_abilities, hd, hp_bonus)
    VALUES ('Magic-User', 14, '[1500000, 1875000)', '{}', '{}', '{}', '{5, 5, 5, 4, 4, 2, 1, 0, 0}', '{}', '{}', '{7, 8, 9, 10, 11, 12, 13, 14, 15, 16, 17, 18, 19, 20, 20, 20, 20, 20, 20, 21, 22}', '{7, 11, 11, 9, 8}', 3, '&Eldrich Craft&Edrich Power', 11, 3);
INSERT INTO class_abilities_variable (class_name, level, xp_range, cleric_spells, druid_spells, illusionist_spells, "magic_user_spells",thief_skills, turn_undead, thac, saving_throws, proficiencies, special_abilities, hd, hp_bonus)
    VALUES ('Magic-User', 15, '[1875000, 2250000)', '{}', '{}', '{}', '{5, 5, 5, 4, 4, 3, 2, 0, 0}', '{}', '{}', '{7, 8, 9, 10, 11, 12, 13, 14, 15, 16, 17, 18, 19, 20, 20, 20, 20, 20, 20, 21, 22}', '{7, 11, 11, 9, 8}', 3, '&Eldrich Craft&Edrich Power', 11, 4);
INSERT INTO class_abilities_variable (class_name, level, xp_range, cleric_spells, druid_spells, illusionist_spells, "magic_user_spells",thief_skills, turn_undead, thac, saving_throws, proficiencies, special_abilities, hd, hp_bonus)
    VALUES ('Magic-User', 16, '[2250000, 2650000)', '{}', '{}', '{}', '{5, 5, 5, 4, 4, 3, 2, 1, 0}', '{}', '{}', '{5, 6, 7, 8, 9, 10, 11, 12, 13, 14, 15, 16, 17, 18, 19, 20, 20, 20, 20, 20, 20}', '{5, 9, 10, 7, 6}', 3, '&Eldrich Craft&Edrich Power', 11, 5);
INSERT INTO class_abilities_variable (class_name, level, xp_range, cleric_spells, druid_spells, illusionist_spells, "magic_user_spells",thief_skills, turn_undead, thac, saving_throws, proficiencies, special_abilities, hd, hp_bonus)
    VALUES ('Magic-User', 17, '[2650000, 3000000)', '{}', '{}', '{}', '{5, 5, 5, 5, 5, 4, 3, 2, 0}', '{}', '{}', '{5, 6, 7, 8, 9, 10, 11, 12, 13, 14, 15, 16, 17, 18, 19, 20, 20, 20, 20, 20, 20}', '{5, 9, 10, 7, 6}', 3, '&Eldrich Craft&Edrich Power', 11, 6);
INSERT INTO class_abilities_variable (class_name, level, xp_range, cleric_spells, druid_spells, illusionist_spells, "magic_user_spells",thief_skills, turn_undead, thac, saving_throws, proficiencies, special_abilities, hd, hp_bonus)
    VALUES ('Magic-User', 18, '[3000000, 3375000)', '{}', '{}', '{}', '{5, 5, 5, 5, 5, 4, 3, 2, 1}', '{}', '{}', '{5, 6, 7, 8, 9, 10, 11, 12, 13, 14, 15, 16, 17, 18, 19, 20, 20, 20, 20, 20, 20}', '{5, 9, 10, 7, 6}', 3, '&Eldrich Craft&Edrich Power', 11, 7);
INSERT INTO class_abilities_variable (class_name, level, xp_range, cleric_spells, druid_spells, illusionist_spells, "magic_user_spells",thief_skills, turn_undead, thac, saving_throws, proficiencies, special_abilities, hd, hp_bonus)
    VALUES ('Magic-User', 19, '[3375000, 3750000)', '{}', '{}', '{}', '{5, 5, 5, 5, 5, 5, 4, 3, 1}', '{}', '{}', '{5, 6, 7, 8, 9, 10, 11, 12, 13, 14, 15, 16, 17, 18, 19, 20, 20, 20, 20, 20, 20}', '{5, 9, 10, 7, 6}', 3, '&Eldrich Craft&Edrich Power', 11, 8);
INSERT INTO class_abilities_variable (class_name, level, xp_range, cleric_spells, druid_spells, illusionist_spells, "magic_user_spells",thief_skills, turn_undead, thac, saving_throws, proficiencies, special_abilities, hd, hp_bonus)
    VALUES ('Magic-User', 20, '[3750000, 4125000)', '{}', '{}', '{}', '{5, 5, 5, 5, 5, 5, 4, 3, 2}', '{}', '{}', '{5, 6, 7, 8, 9, 10, 11, 12, 13, 14, 15, 16, 17, 18, 19, 20, 20, 20, 20, 20, 20}', '{5, 9, 10, 7, 6}', 3, '&Eldrich Craft&Edrich Power', 11, 9);
INSERT INTO class_abilities_variable (class_name, level, xp_range, cleric_spells, druid_spells, illusionist_spells, "magic_user_spells",thief_skills, turn_undead, thac, saving_throws, proficiencies, special_abilities, hd, hp_bonus)
    VALUES ('Magic-User', 21, '[4125000, 4500000)', '{}', '{}', '{}', '{6, 6, 5, 5, 5, 5, 4, 4, 2}', '{}', '{}', '{3, 4, 5, 6, 7, 8, 9, 10, 11, 12, 13, 14, 15, 16, 17, 18, 19, 20, 20, 20, 20}', '{3, 7, 8, 5, 4}', 3, '&Eldrich Craft&Edrich Power', 11, 10);
INSERT INTO class_abilities_variable (class_name, level, xp_range, cleric_spells, druid_spells, illusionist_spells, "magic_user_spells",thief_skills, turn_undead, thac, saving_throws, proficiencies, special_abilities, hd, hp_bonus)
    VALUES ('Magic-User', 22, '[4500000, 4875000)', '{}', '{}', '{}', '{6, 6, 6, 6, 5, 5, 5, 4, 2}', '{}', '{}', '{3, 4, 5, 6, 7, 8, 9, 10, 11, 12, 13, 14, 15, 16, 17, 18, 19, 20, 20, 20, 20}', '{3, 7, 8, 5, 4}', 3, '&Eldrich Craft&Edrich Power', 11, 11);
INSERT INTO class_abilities_variable (class_name, level, xp_range, cleric_spells, druid_spells, illusionist_spells, "magic_user_spells",thief_skills, turn_undead, thac, saving_throws, proficiencies, special_abilities, hd, hp_bonus)
    VALUES ('Magic-User', 23, '[4875000, 5250000)', '{}', '{}', '{}', '{6, 6, 6, 6, 6, 6, 5, 4, 3}', '{}', '{}', '{3, 4, 5, 6, 7, 8, 9, 10, 11, 12, 13, 14, 15, 16, 17, 18, 19, 20, 20, 20, 20}', '{3, 7, 8, 5, 4}', 3, '&Eldrich Craft&Edrich Power', 11, 12);
INSERT INTO class_abilities_variable (class_name, level, xp_range, cleric_spells, druid_spells, illusionist_spells, "magic_user_spells",thief_skills, turn_undead, thac, saving_throws, proficiencies, special_abilities, hd, hp_bonus)
    VALUES ('Magic-User', 24, '[5250000, 1000000000]', '{}', '{}', '{}', '{6, 6, 6, 6, 6, 6, 6, 5, 3}', '{}', '{}', '{3, 4, 5, 6, 7, 8, 9, 10, 11, 12, 13, 14, 15, 16, 17, 18, 19, 20, 20, 20, 20}', '{3, 7, 8, 5, 4}', 3, '&Eldrich Craft&Edrich Power', 11, 13);
--> Paladin
INSERT INTO class_abilities_variable (class_name, level, xp_range, cleric_spells, druid_spells, illusionist_spells, "magic_user_spells", thief_skills, turn_undead, thac, saving_throws, proficiencies, special_abilities, hd, hp_bonus)
    VALUES ('Paladin', 1, '[0, 2250)', '{}', '{}', '{}', '{}', '{}', '{}', '{10, 11, 12, 13, 14, 15, 16, 17, 18, 19, 20, 20, 20 ,20, 20, 20, 21, 22, 23, 24, 25}', '{14, 15, 12, 13, 15}', 4, '%Cure Disease 1/week%Detect Evil%Protection From Evil%Lay on Hands 2/hp 1/day', 1, 0);
INSERT INTO class_abilities_variable (class_name, level, xp_range, cleric_spells, druid_spells, illusionist_spells, "magic_user_spells",thief_skills, turn_undead, thac, saving_throws, proficiencies, special_abilities, hd, hp_bonus)
    VALUES ('Paladin', 2, '[2250, 5500)', '{}', '{}', '{}', '{}', '{}', '{}', '{9, 10, 11, 12, 13, 14, 15, 16, 17, 18, 19, 20, 20 ,20, 20, 20, 20, 21, 22, 23, 24}', '{14, 15, 12, 13, 15}', 4, '%Cure Disease 1/week%Detect Evil%Protection From Evil%Lay on Hands 4/hp 1/day', 2, 0);
INSERT INTO class_abilities_variable (class_name, level, xp_range, cleric_spells, druid_spells, illusionist_spells, "magic_user_spells",thief_skills, turn_undead, thac, saving_throws, proficiencies, special_abilities, hd, hp_bonus)
    VALUES ('Paladin', 3, '[5500, 12500)', '{}', '{}', '{}', '{}', '{}', '{10, 13, 16, 19, 20, -, -, -, -, -, -, -, -}', '{8, 9, 10, 11, 12, 13, 14, 15, 16, 17, 18, 19, 20 ,20, 20, 20, 20, 20, 21, 22, 23}', '{13, 14, 11, 12, 14}', 4, '%Cure Disease 1/week%Detect Evil%Protection From Evil%Lay on Hands 6/hp 1/day%Turn Undead', 3, 0);
INSERT INTO class_abilities_variable (class_name, level, xp_range, cleric_spells, druid_spells, illusionist_spells, "magic_user_spells",thief_skills, turn_undead, thac, saving_throws, proficiencies, special_abilities, hd, hp_bonus)
    VALUES ('Paladin', 4, '[12500, 25000)', '{}', '{}', '{}', '{}', '{}', '{7, 10, 13, 16, 19, 20, -, -, -, -, -, -, -}', '{7, 8, 9, 10, 11, 12, 13, 14, 15, 16, 17, 18, 19 ,20, 20, 20, 20, 20, 20, 21, 22}', '{13, 14, 11, 12, 14}', 4, '%Cure Disease 1/week%Detect Evil%Protection From Evil%Lay on Hands 8/hp 1/day%Turn Undead%Warhorse', 4, 0);
INSERT INTO class_abilities_variable (class_name, level, xp_range, cleric_spells, druid_spells, illusionist_spells, "magic_user_spells",thief_skills, turn_undead, thac, saving_throws, proficiencies, special_abilities, hd, hp_bonus)
    VALUES ('Paladin', 5, '[25000, 45000)', '{}', '{}', '{}', '{}', '{}', '{4, 7, 10, 13, 16, 19, 20, -, -, -, -, -, -}', '{6, 7, 8, 9, 10, 11, 12, 13, 14, 15, 16, 17, 18, 19, 20, 20, 20, 20, 20, 20, 21}', '{11, 11, 9, 10, 12}', 4, '%Cure Disease 2/week%Detect Evil%Protection From Evil%Lay on Hands 10/hp 1/day%Turn Undead%Warhorse', 5, 0);
INSERT INTO class_abilities_variable (class_name, level, xp_range, cleric_spells, druid_spells, illusionist_spells, "magic_user_spells",thief_skills, turn_undead, thac, saving_throws, proficiencies, special_abilities, hd, hp_bonus)
    VALUES ('Paladin', 6, '[45000, 95000)', '{}', '{}', '{}', '{}', '{}', '{T, T, 4, 7, 10, 13, 16, 19, 20, -, -, -, -}', '{5, 6, 7, 8, 9, 10, 11, 12, 13, 14, 15, 16, 17, 18, 19, 20, 20, 20, 20, 20, 20}', '{11, 11, 9, 10, 12}', 4, '%Cure Disease 2/week%Detect Evil%Protection From Evil%Lay on Hands 12/hp 1/day%Turn Undead%Warhorse', 6, 0);
INSERT INTO class_abilities_variable (class_name, level, xp_range, cleric_spells, druid_spells, illusionist_spells, "magic_user_spells",thief_skills, turn_undead, thac, saving_throws, proficiencies, special_abilities, hd, hp_bonus)
    VALUES ('Paladin', 7, '[95000, 175000)', '{}', '{}', '{}', '{}', '{}', '{T, T, T, 4, 7, 10, 13, 13, 19, 20, -, -, -}', '{4, 5, 6, 7, 8, 9, 10, 11, 12, 13, 14, 15, 16, 17, 18, 19, 20, 20, 20, 20, 20}', '{10, 10, 8, 9, 11}', 4, '%Cure Disease 2/week%Detect Evil%Protection From Evil%Lay on Hands 14/hp 1/day%Turn Undead%Warhorse', 7, 0);
INSERT INTO class_abilities_variable (class_name, level, xp_range, cleric_spells, druid_spells, illusionist_spells, "magic_user_spells",thief_skills, turn_undead, thac, saving_throws, proficiencies, special_abilities, hd, hp_bonus)
    VALUES ('Paladin', 8, '[175000, 325000)', '{}', '{}', '{}', '{}', '{}', '{D, D, T, T, 4, 7, 10, 13, 16, 19, 20, -}', '{3, 4, 5, 6, 7, 8, 9, 10, 11, 12, 13, 14, 15, 16, 17, 18, 19, 20, 20, 20, 20}', '{10, 10, 8, 9, 11}', 4, '%Cure Disease 2/week%Detect Evil%Protection From Evil%Lay on Hands 16/hp 1/day%Turn Undead%Warhorse%Bonus attacks:3/2', 8, 0);
INSERT INTO class_abilities_variable (class_name, level, xp_range, cleric_spells, druid_spells, illusionist_spells, "magic_user_spells",thief_skills, turn_undead, thac, saving_throws, proficiencies, special_abilities, hd, hp_bonus)
    VALUES ('Paladin', 9, '[325000, 600000)', '{1, 0, 0, 0}', '{}', '{}', '{}', '{}', '{D, D, D, T, T, 4, 7, 10, 13, 16, 19, 20}', '{2, 3, 4, 5, 6, 7, 8, 9, 10, 11, 12, 13, 14, 15, 16, 17, 18, 19, 20, 20, 20}', '{8, 7, 6, 7, 9}', 4, '%Cure Disease 2/week%Detect Evil%Protection From Evil%Lay on Hands 18/hp 1/day%Turn Undead%Warhorse%Bonus attacks:3/2%Clerical Spells(1st Level)', 9, 0);
INSERT INTO class_abilities_variable (class_name, level, xp_range, cleric_spells, druid_spells, illusionist_spells, "magic_user_spells",thief_skills, turn_undead, thac, saving_throws, proficiencies, special_abilities, hd, hp_bonus)
    VALUES ('Paladin', 10, '[600000, 1000000)', '{2, 0, 0, 0}', '{}', '{}', '{}', '{}', '{D, D, D, D, T, T, 4, 7, 10, 13, 16, 19, 20}', '{1, 2, 3, 4, 5, 6, 7, 8, 9, 10, 11, 12, 13, 14, 15, 16, 17, 18, 19, 20, 20}', '{8, 7, 6, 7, 9}', 4, '%Cure Disease 3/week%Detect Evil%Protection From Evil%Lay on Hands 20/hp 1/day%Turn Undead%Warhorse%Bonus attacks:3/2%Clerical Spells(2nd Level)', 9, 3);
INSERT INTO class_abilities_variable (class_name, level, xp_range, cleric_spells, druid_spells, illusionist_spells, "magic_user_spells",thief_skills, turn_undead, thac, saving_throws, proficiencies, special_abilities, hd, hp_bonus)
    VALUES ('Paladin', 11, '[1000000, 1350000)', '{2, 1, 0, 0}', '{}', '{}', '{}', '{}', '{D, D, D, D, D, T, T, 4, 7, 10, 13, 16, 19, 20}', '{0, 1, 2, 3, 4, 5, 6, 7, 8, 9, 10, 11, 12, 13, 14, 15, 16, 17, 18, 19, 20}', '{7, 6, 5, 6, 8}', 4, '%Cure Disease 3/week%Detect Evil%Protection From Evil%Lay on Hands 22/hp 1/day%Turn Undead%Warhorse%Bonus attacks:3/2%Clerical Spells(3rd Level)', 9, 6);
INSERT INTO class_abilities_variable (class_name, level, xp_range, cleric_spells, druid_spells, illusionist_spells, "magic_user_spells",thief_skills, turn_undead, thac, saving_throws, proficiencies, special_abilities, hd, hp_bonus)
    VALUES ('Paladin', 12, '[1350000, 1700000)', '{2, 2, 0, 0}', '{}', '{}', '{}', '{}', '{D, D, D, D, D, T, T, 4, 7, 10, 13, 16, 19, 20}', '{-1, 0, 1, 2, 3, 4, 5, 6, 7, 8, 9, 10, 11, 12, 13, 14, 15, 16, 17, 18, 19}', '{7, 6, 5, 6, 8}', 4, '%Cure Disease 3/week%Detect Evil%Protection From Evil%Lay on Hands 24/hp 1/day%Turn Undead%Warhorse%Bonus attacks:3/2%Clerical Spells(4th Level)', 9, 9);
INSERT INTO class_abilities_variable (class_name, level, xp_range, cleric_spells, druid_spells, illusionist_spells, "magic_user_spells",thief_skills, turn_undead, thac, saving_throws, proficiencies, special_abilities, hd, hp_bonus)
    VALUES ('Paladin', 13, '[1700000, 2050000)', '{2, 2, 1, 0}', '{}', '{}', '{}', '{}', '{D, D, D, D, D, T, T, 4, 7, 10, 13, 16, 19, 20}', '{-2, -1, 0, 1, 2, 3, 4, 5, 6, 7, 8, 9, 10, 11, 12, 13, 14, 15, 16, 17, 18}', '{5, 3, 3, 4, 6}', 4, '%Cure Disease 3/week%Detect Evil%Protection From Evil%Lay on Hands 26/hp 1/day%Turn Undead%Warhorse%Bonus attacks:3/2%Clerical Spells(5th Level)', 9, 12);
INSERT INTO class_abilities_variable (class_name, level, xp_range, cleric_spells, druid_spells, illusionist_spells, "magic_user_spells",thief_skills, turn_undead, thac, saving_throws, proficiencies, special_abilities, hd, hp_bonus)
    VALUES ('Paladin', 14, '[2050000, 2400000)', '{3, 2, 1, 0}', '{}', '{}', '{}', '{}', '{D, D, D, D, D, T, T, 4, 7, 10, 13, 16, 19, 20}', '{-3, -2, -1, 0, 1, 2, 3, 4, 5, 6, 7, 8, 9, 10, 11, 12, 13, 14, 15, 16, 17}', '{5, 3, 3, 4, 6}', 4, '%Cure Disease 3/week%Detect Evil%Protection From Evil%Lay on Hands 28/hp 1/day%Turn Undead%Warhorse%Bonus attacks:2/1%Clerical Spells(6th Level)', 9, 15);
INSERT INTO class_abilities_variable (class_name, level, xp_range, cleric_spells, druid_spells, illusionist_spells, "magic_user_spells",thief_skills, turn_undead, thac, saving_throws, proficiencies, special_abilities, hd, hp_bonus)
    VALUES ('Paladin', 15, '[2400000, 2750000)', '{3, 2, 1, 1}', '{}', '{}', '{}', '{}', '{D, D, D, D, D, T, T, 4, 7, 10, 13, 16, 19, 20}', '{-4, -3, -2, -1, 0, 1, 2, 3, 4, 5, 6, 7, 8, 9, 10, 11, 12, 13, 14, 15, 16}', '{4, 2, 2, 3, 5}', 4, '%Cure Disease 4/week%Detect Evil%Protection From Evil%Lay on Hands 30/hp 1/day%Turn Undead%Warhorse%Bonus attacks:2/1%Clerical Spells(7th Level)', 9, 18);
INSERT INTO class_abilities_variable (class_name, level, xp_range, cleric_spells, druid_spells, illusionist_spells, "magic_user_spells",thief_skills, turn_undead, thac, saving_throws, proficiencies, special_abilities, hd, hp_bonus)
    VALUES ('Paladin', 16, '[2750000, 3100000)', '{3, 3, 1, 1}', '{}', '{}', '{}', '{}', '{D, D, D, D, D, D, T, T, T, 7, 10, 13, 16}', '{-5, -4, -3, -2, -1, 0, 1, 2, 3, 4, 5, 6, 7 ,8, 9, 10, 11, 12, 13, 14, 15}', '{4, 2, 2, 3, 5}', 4, '%Cure Disease 4/week%Detect Evil%Protection From Evil%Lay on Hands 32/hp 1/day%Turn Undead%Warhorse%Bonus attacks:2/1%Clerical Spells(8th Level)', 9, 21);
INSERT INTO class_abilities_variable (class_name, level, xp_range, cleric_spells, druid_spells, illusionist_spells, "magic_user_spells",thief_skills, turn_undead, thac, saving_throws, proficiencies, special_abilities, hd, hp_bonus)
    VALUES ('Paladin', 17, '[3100000, 3450000)', '{3, 3, 2, 1}', '{}', '{}', '{}', '{}', '{D, D, D, D, D, D, T, T, T, 7, 10, 13, 16}', '{-6, -5, -4, -3, -2, -1, 0, 1, 2, 3, 4, 5, 6, 7, 8, 9, 10, 11, 12, 13, 14}', '{3, 2, 2, 2, 4}', 4, '%Cure Disease 4/week%Detect Evil%Protection From Evil%Lay on Hands 34/hp 1/day%Turn Undead%Warhorse%Bonus attacks:2/1%Clerical Spells(8th Level)', 9, 24);
INSERT INTO class_abilities_variable (class_name, level, xp_range, cleric_spells, druid_spells, illusionist_spells, "magic_user_spells",thief_skills, turn_undead, thac, saving_throws, proficiencies, special_abilities, hd, hp_bonus)
    VALUES ('Paladin', 18, '[3450000, 3800000)', '{3, 3, 3, 1}', '{}', '{}', '{}', '{}', '{D, D, D, D, D, D, T, T, T, 7, 10, 13, 16}', '{-7, -6, -5, -4, -3, -2, -1, 0, 1, 2, 3, 4, 5, 6, 7, 8, 9, 10, 11, 12, 13}', '{3, 2, 2, 2, 4}', 4, '%Cure Disease 4/week%Detect Evil%Protection From Evil%Lay on Hands 36/hp 1/day%Turn Undead%Warhorse%Bonus attacks:2/1%Clerical Spells(8th Level)', 9, 27);
INSERT INTO class_abilities_variable (class_name, level, xp_range, cleric_spells, druid_spells, illusionist_spells, "magic_user_spells",thief_skills, turn_undead, thac, saving_throws, proficiencies, special_abilities, hd, hp_bonus)
    VALUES ('Paladin', 19, '[3800000, 4150000)', '{3, 3, 3, 2}', '{}', '{}', '{}', '{}', '{D, D, D, D, D, D, T, T, T, 7, 10, 13, 16}', '{-8, -7, -6, -5, -4, -3, -2, -1, 0, 1, 2, 3, 4, 5, 6, 7, 8, 9, 10, 11, 12}', '{2, 2, 2, 2, 3}', 4, '%Cure Disease 4/week%Detect Evil%Protection From Evil%Lay on Hands 38/hp 1/day%Turn Undead%Warhorse%Bonus attacks:2/1%Clerical Spells(8th Level)', 9, 30);
INSERT INTO class_abilities_variable (class_name, level, xp_range, cleric_spells, druid_spells, illusionist_spells, "magic_user_spells",thief_skills, turn_undead, thac, saving_throws, proficiencies, special_abilities, hd, hp_bonus)
    VALUES ('Paladin', 20, '[4150000, 4500000)', '{3, 3, 3, 3}', '{}', '{}', '{}', '{}', '{D, D, D, D, D, D, T, T, T, 7, 10, 13, 16}', '{-9, -8, -7, -6, -5, -4, -3, -2, -1, 0, 1, 2, 3, 4, 5, 6, 7, 8, 9, 10, 11}', '{2, 2, 2, 2, 3}', 4, '%Cure Disease 5/week%Detect Evil%Protection From Evil%Lay on Hands 40/hp 1/day%Turn Undead%Warhorse%Bonus attacks:2/1%Clerical Spells(8th Level)', 9, 33);
INSERT INTO class_abilities_variable (class_name, level, xp_range, cleric_spells, druid_spells, illusionist_spells, "magic_user_spells",thief_skills, turn_undead, thac, saving_throws, proficiencies, special_abilities, hd, hp_bonus)
    VALUES ('Paladin', 21, '[4500000, 4850000)', '{4, 3, 3, 3}', '{}', '{}', '{}', '{}', '{D, D, D, D, D, D, D, D, T, 4, 7, 10, 13}', '{-9, -8, -7, -6, -5, -4, -3, -2, -1, 0, 1, 2, 3, 4, 5, 6, 7, 8, 9, 10, 11}', '{2, 2, 2, 2, 3}', 4, '%Cure Disease 5/week%Detect Evil%Protection From Evil%Lay on Hands 42/hp 1/day%Turn Undead%Warhorse%Bonus attacks:2/1%Clerical Spells(8th Level)', 9, 36);
INSERT INTO class_abilities_variable (class_name, level, xp_range, cleric_spells, druid_spells, illusionist_spells, "magic_user_spells",thief_skills, turn_undead, thac, saving_throws, proficiencies, special_abilities, hd, hp_bonus)
    VALUES ('Paladin', 22, '[4850000, 5200000)', '{4, 4, 3, 3}', '{}', '{}', '{}', '{}', '{D, D, D, D, D, D, D, D, T, 4, 7, 10, 13}', '{-9, -8, -7, -6, -5, -4, -3, -2, -1, 0, 1, 2, 3, 4, 5, 6, 7, 8, 9, 10, 11}', '{2, 2, 2, 2, 3}', 4, '%Cure Disease 5/week%Detect Evil%Protection From Evil%Lay on Hands 44/hp 1/day%Turn Undead%Warhorse%Bonus attacks:2/1%Clerical Spells(8th Level)', 9, 39);
INSERT INTO class_abilities_variable (class_name, level, xp_range, cleric_spells, druid_spells, illusionist_spells, "magic_user_spells",thief_skills, turn_undead, thac, saving_throws, proficiencies, special_abilities, hd, hp_bonus)
    VALUES ('Paladin', 23, '[5200000, 5550000)', '{4, 4, 4, 3}', '{}', '{}', '{}', '{}', '{D, D, D, D, D, D, D, D, T, 4, 7, 10, 13}', '{-9, -8, -7, -6, -5, -4, -3, -2, -1, 0, 1, 2, 3, 4, 5, 6, 7, 8, 9, 10, 11}', '{2, 2, 2, 2, 3}', 4, '%Cure Disease 5/week%Detect Evil%Protection From Evil%Lay on Hands 46/hp 1/day%Turn Undead%Warhorse%Bonus attacks:2/1%Clerical Spells(8th Level)', 9, 42);
INSERT INTO class_abilities_variable (class_name, level, xp_range, cleric_spells, druid_spells, illusionist_spells, "magic_user_spells",thief_skills, turn_undead, thac, saving_throws, proficiencies, special_abilities, hd, hp_bonus)
    VALUES ('Paladin', 24, '[5550000, 1000000000]', '{4, 4, 4, 4}', '{}', '{}', '{}', '{}', '{D, D, D, D, D, D, D, D, T, 4, 7, 10, 13}', '{-9, -8, -7, -6, -5, -4, -3, -2, -1, 0, 1, 2, 3, 4, 5, 6, 7, 8, 9, 10, 11}', '{2, 2, 2, 2, 3}', 4, '%Cure Disease 5/week%Detect Evil%Protection From Evil%Lay on Hands 48/hp 1/day%Turn Undead%Warhorse%Bonus attacks:2/1%Clerical Spells(8th Level)', 9, 45);
--> Ranger
INSERT INTO class_abilities_variable (class_name, level, xp_range, cleric_spells, druid_spells, illusionist_spells, "magic_user_spells", thief_skills, turn_undead, thac, saving_throws, proficiencies, special_abilities, hd, hp_bonus)
    VALUES ('Ranger', 1, '[0, 2250)', '{}', '{}', '{}', '{}', '{}', '{}', '{10, 11, 12, 13, 14, 15, 16, 17, 18, 19, 20, 20, 20 ,20, 20, 20, 21, 22, 23, 24, 25}', '{16, 17, 14, 15, 17}', 4, '%Alert Against Surprise%+1 Damage vs Evil Humanoids%Tracking%', 2, 0);
INSERT INTO class_abilities_variable (class_name, level, xp_range, cleric_spells, druid_spells, illusionist_spells, "magic_user_spells",thief_skills, turn_undead, thac, saving_throws, proficiencies, special_abilities, hd, hp_bonus)
    VALUES ('Ranger', 2, '[2250, 4500)', '{}', '{}', '{}', '{}', '{}', '{}', '{9, 10, 11, 12, 13, 14, 15, 16, 17, 18, 19, 20, 20 ,20, 20, 20, 20, 21, 22, 23, 24}', '{16, 17, 14, 15, 17}', 4, '%Alert Against Surprise%+2 Damage vs Evil Humanoids%Tracking%', 3, 0);
INSERT INTO class_abilities_variable (class_name, level, xp_range, cleric_spells, druid_spells, illusionist_spells, "magic_user_spells",thief_skills, turn_undead, thac, saving_throws, proficiencies, special_abilities, hd, hp_bonus)
    VALUES ('Ranger', 3, '[4500, 9500)', '{}', '{}', '{}', '{}', '{}', '{}', '{8, 9, 10, 11, 12, 13, 14, 15, 16, 17, 18, 19, 20 ,20, 20, 20, 20, 20, 21, 22, 23}', '{15, 16, 13, 14, 16}', 4, '%Alert Against Surprise%+3 Damage vs Evil Humanoids%Tracking%', 4, 0);
INSERT INTO class_abilities_variable (class_name, level, xp_range, cleric_spells, druid_spells, illusionist_spells, "magic_user_spells",thief_skills, turn_undead, thac, saving_throws, proficiencies, special_abilities, hd, hp_bonus)
    VALUES ('Ranger', 4, '[9500, 20000)', '{}', '{}', '{}', '{}', '{}', '{}', '{7, 8, 9, 10, 11, 12, 13, 14, 15, 16, 17, 18, 19 ,20, 20, 20, 20, 20, 20, 21, 22}', '{15, 16, 13, 14, 16}', 4, '%Alert Against Surprise%+4 Damage vs Evil Humanoids%Tracking%', 5, 0);
INSERT INTO class_abilities_variable (class_name, level, xp_range, cleric_spells, druid_spells, illusionist_spells, "magic_user_spells",thief_skills, turn_undead, thac, saving_throws, proficiencies, special_abilities, hd, hp_bonus)
    VALUES ('Ranger', 5, '[20000, 40000)', '{}', '{}', '{}', '{}', '{}', '{}', '{6, 7, 8, 9, 10, 11, 12, 13, 14, 15, 16, 17, 18, 19, 20, 20, 20, 20, 20, 20, 21}', '{13, 13, 11, 12, 14}', 4, '%Alert Against Surprise%+5 Damage vs Evil Humanoids%Tracking%',6, 0);
INSERT INTO class_abilities_variable (class_name, level, xp_range, cleric_spells, druid_spells, illusionist_spells, "magic_user_spells",thief_skills, turn_undead, thac, saving_throws, proficiencies, special_abilities, hd, hp_bonus)
    VALUES ('Ranger', 6, '[40000, 90000)', '{}', '{}', '{}', '{}', '{}', '{}', '{5, 6, 7, 8, 9, 10, 11, 12, 13, 14, 15, 16, 17, 18, 19, 20, 20, 20, 20, 20, 20}', '{13, 13, 11, 12, 14}', 4, '%Alert Against Surprise%+6 Damage vs Evil Humanoids%Tracking%', 7, 0);
INSERT INTO class_abilities_variable (class_name, level, xp_range, cleric_spells, druid_spells, illusionist_spells, "magic_user_spells",thief_skills, turn_undead, thac, saving_throws, proficiencies, special_abilities, hd, hp_bonus)
    VALUES ('Ranger', 7, '[90000, 150000)', '{}', '{}', '{}', '{}', '{}', '{}', '{4, 5, 6, 7, 8, 9, 10, 11, 12, 13, 14, 15, 16, 17, 18, 19, 20, 20, 20, 20, 20}', '{12, 12, 10, 11, 13}', 4, '%Alert Against Surprise%+7 Damage vs Evil Humanoids%Tracking%Bonus attacks:3/2', 8, 0);
INSERT INTO class_abilities_variable (class_name, level, xp_range, cleric_spells, druid_spells, illusionist_spells, "magic_user_spells",thief_skills, turn_undead, thac, saving_throws, proficiencies, special_abilities, hd, hp_bonus)
    VALUES ('Ranger', 8, '[150000, 225000)', '{}', '{}', '{}', '{}', '{}', '{}', '{3, 4, 5, 6, 7, 8, 9, 10, 11, 12, 13, 14, 15, 16, 17, 18, 19, 20, 20, 20, 20}', '{12, 12, 10, 11, 13}', 4, '%Alert Against Surprise%+8 Damage vs Evil Humanoids%Tracking%Bonus attacks:3/2%Spell Casting(1st Level)% May employ Henchmen', 9, 0);
INSERT INTO class_abilities_variable (class_name, level, xp_range, cleric_spells, druid_spells, illusionist_spells, "magic_user_spells",thief_skills, turn_undead, thac, saving_throws, proficiencies, special_abilities, hd, hp_bonus)
    VALUES ('Ranger', 9, '[225000, 325000)', '{}', '{1, 0, 0}', '{}', '{}', '{}', '{}', '{2, 3, 4, 5, 6, 7, 8, 9, 10, 11, 12, 13, 14, 15, 16, 17, 18, 19, 20, 20, 20}', '{10, 9, 8, 9, 11}', 4, '%Alert Against Surprise%+9 Damage vs Evil Humanoids%Tracking%Bonus attacks:3/2%Spell Casting(1st Level)%May employ Henchmen', 10, 0);
INSERT INTO class_abilities_variable (class_name, level, xp_range, cleric_spells, druid_spells, illusionist_spells, "magic_user_spells",thief_skills, turn_undead, thac, saving_throws, proficiencies, special_abilities, hd, hp_bonus)
    VALUES ('Ranger', 10, '[325000, 640000)', '{}', '{1, 0, 0}', '{}', '{1, 0}', '{}', '{}', '{1, 2, 3, 4, 5, 6, 7, 8, 9, 10, 11, 12, 13, 14, 15, 16, 17, 18, 19, 20, 20}', '{10, 9, 8, 9, 11}', 4, '%Alert Against Surprise%+10 Damage vs Evil Humanoids%Tracking%Bonus attacks:3/2%Spell Casting(2nd Level)%May employ Henchmen%Band of Followers%Scrying Device Use', 11, 0);
INSERT INTO class_abilities_variable (class_name, level, xp_range, cleric_spells, druid_spells, illusionist_spells, "magic_user_spells",thief_skills, turn_undead, thac, saving_throws, proficiencies, special_abilities, hd, hp_bonus)
    VALUES ('Ranger', 11, '[640000, 975000)', '{}', '{2, 0, 0}', '{}', '{1, 0}', '{}', '{}', '{0, 1, 2, 3, 4, 5, 6, 7, 8, 9, 10, 11, 12, 13, 14, 15, 16, 17, 18, 19, 20}', '{9, 8, 7, 8, 10}', 4, '%Alert Against Surprise%+11 Damage vs Evil Humanoids%Tracking%Bonus attacks:3/2%Spell Casting(2nd Level)%May employ Henchmen%Band of Followers%Scrying Device Use', 11, 2);
INSERT INTO class_abilities_variable (class_name, level, xp_range, cleric_spells, druid_spells, illusionist_spells, "magic_user_spells",thief_skills, turn_undead, thac, saving_throws, proficiencies, special_abilities, hd, hp_bonus)
    VALUES ('Ranger', 12, '[975000, 1300000)', '{}', '{2, 0, 0}', '{}', '{2, 0}', '{}', '{}', '{-1, 0, 1, 2, 3, 4, 5, 6, 7, 8, 9, 10, 11, 12, 13, 14, 15, 16, 17, 18, 19}', '{9, 8, 7, 8, 10}', 4, '%Alert Against Surprise%+12 Damage vs Evil Humanoids%Tracking%Bonus attacks:3/2%Spell Casting(3rd Level)%May employ Henchmen%Band of Followers%Scrying Device Use', 11, 4);
INSERT INTO class_abilities_variable (class_name, level, xp_range, cleric_spells, druid_spells, illusionist_spells, "magic_user_spells",thief_skills, turn_undead, thac, saving_throws, proficiencies, special_abilities, hd, hp_bonus)
    VALUES ('Ranger', 13, '[1300000, 1650000)', '{}', '{2, 1, 0}', '{}', '{2, 0}', '{}', '{}', '{-2, -1, 0, 1, 2, 3, 4, 5, 6, 7, 8, 9, 10, 11, 12, 13, 14, 15, 16, 17, 18}', '{7, 5, 5, 6, 8}', 4, '%Alert Against Surprise%+13 Damage vs Evil Humanoids%Tracking%Bonus attacks:2/1%Spell Casting(3rd Level)%May employ Henchmen%Band of Followers%Scrying Device Use', 11, 6);
INSERT INTO class_abilities_variable (class_name, level, xp_range, cleric_spells, druid_spells, illusionist_spells, "magic_user_spells",thief_skills, turn_undead, thac, saving_throws, proficiencies, special_abilities, hd, hp_bonus)
    VALUES ('Ranger', 14, '[1650000, 1950000)', '{}', '{2, 2, 0}', '{}', '{2, 1}', '{}', '{}', '{-3, -2, -1, 0, 1, 2, 3, 4, 5, 6, 7, 8, 9, 10, 11, 12, 13, 14, 15, 16, 17}', '{7, 5, 5, 6, 8}', 4, '%Alert Against Surprise%+14 Damage vs Evil Humanoids%Tracking%Bonus attacks:2/1%Spell Casting(4th Level)%May employ Henchmen%Band of Followers%Scrying Device Use', 11, 8);
INSERT INTO class_abilities_variable (class_name, level, xp_range, cleric_spells, druid_spells, illusionist_spells, "magic_user_spells",thief_skills, turn_undead, thac, saving_throws, proficiencies, special_abilities, hd, hp_bonus)
    VALUES ('Ranger', 15, '[1950000, 2275000)', '{}', '{2, 2, 0}', '{}', '{2, 1}', '{}', '{}', '{-4, -3, -2, -1, 0, 1, 2, 3, 4, 5, 6, 7, 8, 9, 10, 11, 12, 13, 14, 15, 16}', '{6, 4, 4, 5, 7}', 4, '%Alert Against Surprise%+15 Damage vs Evil Humanoids%Tracking%Bonus attacks:2/1%Spell Casting(4th Level)%May employ Henchmen%Band of Followers%Scrying Device Use', 11, 10);
INSERT INTO class_abilities_variable (class_name, level, xp_range, cleric_spells, druid_spells, illusionist_spells, "magic_user_spells",thief_skills, turn_undead, thac, saving_throws, proficiencies, special_abilities, hd, hp_bonus)
    VALUES ('Ranger', 16, '[2275000, 2600000)', '{}', '{2, 2, 1}', '{}', '{2, 2}', '{}', '{}', '{-5, -4, -3, -2, -1, 0, 1, 2, 3, 4, 5, 6, 7 ,8, 9, 10, 11, 12, 13, 14, 15}', '{6, 4, 4, 5, 7}', 4, '%Alert Against Surprise%+16 Damage vs Evil Humanoids%Tracking%Bonus attacks:2/1%Spell Casting(5th Level)%May employ Henchmen%Band of Followers%Scrying Device Use', 11, 12);
INSERT INTO class_abilities_variable (class_name, level, xp_range, cleric_spells, druid_spells, illusionist_spells, "magic_user_spells",thief_skills, turn_undead, thac, saving_throws, proficiencies, special_abilities, hd, hp_bonus)
    VALUES ('Ranger', 17, '[2600000, 2925000)', '{}', '{2, 2, 2}', '{}', '{2, 2}', '{}', '{}', '{-6, -5, -4, -3, -2, -1, 0, 1, 2, 3, 4, 5, 6, 7, 8, 9, 10, 11, 12, 13, 14}', '{5, 4, 3, 4, 6}', 4, '%Alert Against Surprise%+17 Damage vs Evil Humanoids%Tracking%Bonus attacks:2/1%Spell Casting(5th Level)%May employ Henchmen%Band of Followers%Scrying Device Use', 11, 14);
INSERT INTO class_abilities_variable (class_name, level, xp_range, cleric_spells, druid_spells, illusionist_spells, "magic_user_spells",thief_skills, turn_undead, thac, saving_throws, proficiencies, special_abilities, hd, hp_bonus)
    VALUES ('Ranger', 18, '[2925000, 3250000)', '{}', '{3, 2, 2}', '{}', '{2, 2}', '{}', '{}', '{-7, -6, -5, -4, -3, -2, -1, 0, 1, 2, 3, 4, 5, 6, 7, 8, 9, 10, 11, 12, 13}', '{5, 4, 3, 4, 6}', 4, '%Alert Against Surprise%+18 Damage vs Evil Humanoids%Tracking%Bonus attacks:2/1%Spell Casting(6th Level)%May employ Henchmen%Band of Followers%Scrying Device Use', 11, 16);
INSERT INTO class_abilities_variable (class_name, level, xp_range, cleric_spells, druid_spells, illusionist_spells, "magic_user_spells",thief_skills, turn_undead, thac, saving_throws, proficiencies, special_abilities, hd, hp_bonus)
    VALUES ('Ranger', 19, '[3250000, 3575000)', '{}', '{3, 2, 2}', '{}', '{3, 2}', '{}', '{}', '{-8, -7, -6, -5, -4, -3, -2, -1, 0, 1, 2, 3, 4, 5, 6, 7, 8, 9, 10, 11, 12}', '{4, 3, 2, 3, 5}', 4, '%Alert Against Surprise%+19 Damage vs Evil Humanoids%Tracking%Bonus attacks:2/1%Spell Casting(6th Level)%May employ Henchmen%Band of Followers%Scrying Device Use', 11, 18);
INSERT INTO class_abilities_variable (class_name, level, xp_range, cleric_spells, druid_spells, illusionist_spells, "magic_user_spells",thief_skills, turn_undead, thac, saving_throws, proficiencies, special_abilities, hd, hp_bonus)
    VALUES ('Ranger', 20, '[3575000, 3900000)', '{}', '{3, 3, 2}', '{}', '{3, 2}', '{}', '{}', '{-9, -8, -7, -6, -5, -4, -3, -2, -1, 0, 1, 2, 3, 4, 5, 6, 7, 8, 9, 10, 11}', '{4, 3, 2, 3, 5}', 4, '%Alert Against Surprise%+20 Damage vs Evil Humanoids%Tracking%Bonus attacks:2/1%Spell Casting(6th Level)%May employ Henchmen%Band of Followers%Scrying Device Use', 11, 20);
INSERT INTO class_abilities_variable (class_name, level, xp_range, cleric_spells, druid_spells, illusionist_spells, "magic_user_spells",thief_skills, turn_undead, thac, saving_throws, proficiencies, special_abilities, hd, hp_bonus)
    VALUES ('Ranger', 21, '[3900000, 4225000)', '{}', '{3, 3, 2}', '{}', '{3, 3}', '{}', '{}', '{-9, -8, -7, -6, -5, -4, -3, -2, -1, 0, 1, 2, 3, 4, 5, 6, 7, 8, 9, 10, 11}', '{4, 3, 2, 3, 5}', 4, '%Alert Against Surprise%+21 Damage vs Evil Humanoids%Tracking%Bonus attacks:2/1%Spell Casting(6th Level)%May employ Henchmen%Band of Followers%Scrying Device Use', 11, 22);
INSERT INTO class_abilities_variable (class_name, level, xp_range, cleric_spells, druid_spells, illusionist_spells, "magic_user_spells",thief_skills, turn_undead, thac, saving_throws, proficiencies, special_abilities, hd, hp_bonus)
    VALUES ('Ranger', 22, '[4225000, 4550000)', '{}', '{3, 3, 3}', '{}', '{3, 3}', '{}', '{}', '{-9, -8, -7, -6, -5, -4, -3, -2, -1, 0, 1, 2, 3, 4, 5, 6, 7, 8, 9, 10, 11}', '{4, 3, 2, 3, 5}', 4, '%Alert Against Surprise%+22 Damage vs Evil Humanoids%Tracking%Bonus attacks:2/1%Spell Casting(6th Level)%May employ Henchmen%Band of Followers%Scrying Device Use', 11, 24);
INSERT INTO class_abilities_variable (class_name, level, xp_range, cleric_spells, druid_spells, illusionist_spells, "magic_user_spells",thief_skills, turn_undead, thac, saving_throws, proficiencies, special_abilities, hd, hp_bonus)
    VALUES ('Ranger', 23, '[4550000, 4875000)', '{}', '{4, 3, 3}', '{}', '{3, 3}', '{}', '{}', '{-9, -8, -7, -6, -5, -4, -3, -2, -1, 0, 1, 2, 3, 4, 5, 6, 7, 8, 9, 10, 11}', '{4, 3, 2, 3, 5}', 4, '%Alert Against Surprise%+23 Damage vs Evil Humanoids%Tracking%Bonus attacks:2/1%Spell Casting(6th Level)%May employ Henchmen%Band of Followers%Scrying Device Use', 11, 26);
INSERT INTO class_abilities_variable (class_name, level, xp_range, cleric_spells, druid_spells, illusionist_spells, "magic_user_spells",thief_skills, turn_undead, thac, saving_throws, proficiencies, special_abilities, hd, hp_bonus)
    VALUES ('Ranger', 24, '[4875000, 1000000000]', '{}', '{4, 3, 3}', '{}', '{4, 3}', '{}', '{}', '{-9, -8, -7, -6, -5, -4, -3, -2, -1, 0, 1, 2, 3, 4, 5, 6, 7, 8, 9, 10, 11}', '{4, 3, 2, 3, 5}', 4, '%Alert Against Surprise%+24 Damage vs Evil Humanoids%Tracking%Bonus attacks:2/1%Spell Casting(6th Level)%May employ Henchmen%Band of Followers%Scrying Device Use', 11, 28);
--> Thief
INSERT INTO class_abilities_variable (class_name, level, xp_range, cleric_spells, druid_spells, illusionist_spells, "magic_user_spells", thief_skills, turn_undead, thac, saving_throws, proficiencies, special_abilities, hd, hp_bonus)
    VALUES ('Thief', 1, '[0, 1250)', '{}', '{}', '{}', '{}', '{80, 25, 10, 20, 20, 30, 35, 1}', '{}', '{11, 12, 13, 14, 15, 16, 17, 18, 19, 20, 20, 20, 20 ,20, 20, 21, 22, 23, 24, 25, 26}', '{14, 16, 13, 12, 15}', 2, '&Backstab*2%Theives Cant', 1, 0);
INSERT INTO class_abilities_variable (class_name, level, xp_range, cleric_spells, druid_spells, illusionist_spells, "magic_user_spells",thief_skills, turn_undead, thac, saving_throws, proficiencies, special_abilities, hd, hp_bonus)
    VALUES ('Thief', 2, '[1250, 2500)', '{}', '{}', '{}', '{}', '{82, 29, 13, 25, 25, 34, 39, 5}', '{}', '{11, 12, 13, 14, 15, 16, 17, 18, 19, 20, 20, 20, 20 ,20, 20, 21, 22, 23, 24, 25, 26}', '{14, 16, 13, 12, 15}', 2, '&Backstab*2%Theives Cant', 2, 0);
INSERT INTO class_abilities_variable (class_name, level, xp_range, cleric_spells, druid_spells, illusionist_spells, "magic_user_spells",thief_skills, turn_undead, thac, saving_throws, proficiencies, special_abilities, hd, hp_bonus)
    VALUES ('Thief', 3, '[2500, 5000)', '{}', '{}', '{}', '{}', '{84, 33, 16, 30, 30, 38, 43, 10}', '{}', '{11, 12, 13, 14, 15, 16, 17, 18, 19, 20, 20, 20, 20 ,20, 20, 21, 22, 23, 24, 25, 26}', '{14, 16, 13, 12, 15}', 2, '&Backstab*2%Theives Cant', 3, 0);
INSERT INTO class_abilities_variable (class_name, level, xp_range, cleric_spells, druid_spells, illusionist_spells, "magic_user_spells",thief_skills, turn_undead, thac, saving_throws, proficiencies, special_abilities, hd, hp_bonus)
    VALUES ('Thief', 4, '[5000, 10000)', '{}', '{}', '{}', '{}', '{86, 37, 19, 35, 35, 42, 47, 15}', '{}', '{11, 12, 13, 14, 15, 16, 17, 18, 19, 20, 20, 20, 20 ,20, 20, 21, 22, 23, 24, 25, 26}', '{14, 16, 13, 12, 15}', 2, '&Backstab*2%Theives Cant', 4, 0);
INSERT INTO class_abilities_variable (class_name, level, xp_range, cleric_spells, druid_spells, illusionist_spells, "magic_user_spells",thief_skills, turn_undead, thac, saving_throws, proficiencies, special_abilities, hd, hp_bonus)
    VALUES ('Thief', 5, '[10000, 20000)', '{}', '{}', '{}', '{}', '{88, 41, 22, 40, 40, 46, 51, 20}', '{}', '{9, 10, 11, 12, 13, 14, 15, 16, 17, 18, 19, 20, 20 ,20, 20, 20, 20, 21, 22, 23, 24}', '{12, 15, 12, 11, 13}', 3, '&Backstab*2%Theives Cant', 5, 0);
INSERT INTO class_abilities_variable (class_name, level, xp_range, cleric_spells, druid_spells, illusionist_spells, "magic_user_spells",thief_skills, turn_undead, thac, saving_throws, proficiencies, special_abilities, hd, hp_bonus)
    VALUES ('Thief', 6, '[20000, 40000)', '{}', '{}', '{}', '{}', '{90, 45, 25, 45, 45, 50, 55, 25}', '{}', '{9, 10, 11, 12, 13, 14, 15, 16, 17, 18, 19, 20, 20 ,20, 20, 20, 20, 21, 22, 23, 24}', '{12, 15, 12, 11, 13}', 3, '&Backstab*3%Theives Cant', 6, 0);
INSERT INTO class_abilities_variable (class_name, level, xp_range, cleric_spells, druid_spells, illusionist_spells, "magic_user_spells",thief_skills, turn_undead, thac, saving_throws, proficiencies, special_abilities, hd, hp_bonus)
    VALUES ('Thief', 7, '[40000, 70000)', '{}', '{}', '{}', '{}', '{91, 49, 28, 50, 50, 54, 59, 30}', '{}', '{9, 10, 11, 12, 13, 14, 15, 16, 17, 18, 19, 20, 20 ,20, 20, 20, 20, 21, 22, 23, 24}', '{12, 15, 12, 11, 11}', 3, '&Backstab*3%Theives Cant', 7, 0);
INSERT INTO class_abilities_variable (class_name, level, xp_range, cleric_spells, druid_spells, illusionist_spells, "magic_user_spells",thief_skills, turn_undead, thac, saving_throws, proficiencies, special_abilities, hd, hp_bonus)
    VALUES ('Thief', 8, '[70000, 110000)', '{}', '{}', '{}', '{}', '{92, 53, 31, 55, 55, 58, 63, 35}', '{}', '{9, 10, 11, 12, 13, 14, 15, 16, 17, 18, 19, 20, 20 ,20, 20, 20, 20, 21, 22, 23, 24}', '{12, 15, 12, 11, 11}', 3, '&Backstab*3%Theives Cant', 8, 0);
INSERT INTO class_abilities_variable (class_name, level, xp_range, cleric_spells, druid_spells, illusionist_spells, "magic_user_spells",thief_skills, turn_undead, thac, saving_throws, proficiencies, special_abilities, hd, hp_bonus)
    VALUES ('Thief', 9, '[110000, 160000)', '{}', '{}', '{}', '{}', '{93, 57, 34, 60, 60, 62, 67, 40}', '{}', '{6, 7, 8, 9, 10, 11, 12, 13, 14, 15, 16, 17, 18 ,19, 20, 20, 20, 20, 20, 20, 21}', '{10, 14, 11, 10, 11}', 4, '%&Backstab*3%Theives Cant', 9, 0);
INSERT INTO class_abilities_variable (class_name, level, xp_range, cleric_spells, druid_spells, illusionist_spells, "magic_user_spells",thief_skills, turn_undead, thac, saving_throws, proficiencies, special_abilities, hd, hp_bonus)
    VALUES ('Thief', 10, '[160000, 220000)', '{}', '{}', '{}', '{}', '{94, 61, 37, 65, 65, 66, 71, 45}', '{}', '{6, 7, 8, 9, 10, 11, 12, 13, 14, 15, 16, 17, 18 ,19, 20, 20, 20, 20, 20, 20, 21}', '{10, 14, 11, 10, 11}', 4, '&Backstab*3%Theives Cant%Read Scrolls', 10, 0);
INSERT INTO class_abilities_variable (class_name, level, xp_range, cleric_spells, druid_spells, illusionist_spells, "magic_user_spells",thief_skills, turn_undead, thac, saving_throws, proficiencies, special_abilities, hd, hp_bonus)
    VALUES ('Thief', 11, '[220000, 440000)', '{}', '{}', '{}', '{}', '{95, 65, 40, 70, 70, 70, 75, 50}', '{}', '{6, 7, 8, 9, 10, 11, 12, 13, 14, 15, 16, 17, 18 ,19, 20, 20, 20, 20, 20, 20, 21}', '{10, 14, 11, 10, 11}', 4, '&Backstab*4%Theives Cant%Read Scrolls', 10, 2);
INSERT INTO class_abilities_variable (class_name, level, xp_range, cleric_spells, druid_spells, illusionist_spells, "magic_user_spells",thief_skills, turn_undead, thac, saving_throws, proficiencies, special_abilities, hd, hp_bonus)
    VALUES ('Thief', 12, '[440000, 660000)', '{}', '{}', '{}', '{}', '{96, 69, 43, 75, 75, 74, 79, 55}', '{}', '{6, 7, 8, 9, 10, 11, 12, 13, 14, 15, 16, 17, 18 ,19, 20, 20, 20, 20, 20, 20, 21}', '{10, 14, 11, 10, 11}', 4, '&Backstab*4%Theives Cant%Read Scrolls', 10, 4);
INSERT INTO class_abilities_variable (class_name, level, xp_range, cleric_spells, druid_spells, illusionist_spells, "magic_user_spells",thief_skills, turn_undead, thac, saving_throws, proficiencies, special_abilities, hd, hp_bonus)
    VALUES ('Thief', 13, '[660000, 880000]', '{}', '{}', '{}', '{}', '{97, 73, 46, 80, 80, 78, 83, 60}', '{}', '{4, 5, 6, 7, 8, 9, 10, 11, 12, 13, 14, 15, 16 , 17, 18, 19, 20, 20, 20, 20, 20}', '{8, 13, 10, 9, 9}', 5, '&Backstab*4%Theives Cant%Read Scrolls', 10, 6);
INSERT INTO class_abilities_variable (class_name, level, xp_range, cleric_spells, druid_spells, illusionist_spells, "magic_user_spells",thief_skills, turn_undead, thac, saving_throws, proficiencies, special_abilities, hd, hp_bonus)
    VALUES ('Thief', 14, '[880000, 1200000)', '{}', '{}', '{}', '{}', '{98, 77, 49, 85, 85, 82, 87, 65}', '{}', '{4, 5, 6, 7, 8, 9, 10, 11, 12, 13, 14, 15, 16 , 17, 18, 19, 20, 20, 20, 20, 20}', '{8, 13, 10, 9, 9}', 5, '&Backstab*4%Theives Cant%Read Scrolls', 10, 8);
INSERT INTO class_abilities_variable (class_name, level, xp_range, cleric_spells, druid_spells, illusionist_spells, "magic_user_spells",thief_skills, turn_undead, thac, saving_throws, proficiencies, special_abilities, hd, hp_bonus)
    VALUES ('Thief', 15, '[1200000, 1420000)', '{}', '{}', '{}', '{}', '{99, 81, 52, 90, 90, 86, 90, 70}', '{}', '{4, 5, 6, 7, 8, 9, 10, 11, 12, 13, 14, 15, 16 , 17, 18, 19, 20, 20, 20, 20, 20}', '{8, 13, 10, 9, 9}', 5, '&Backstab*4%Theives Cant%Read Scrolls', 10, 10);
INSERT INTO class_abilities_variable (class_name, level, xp_range, cleric_spells, druid_spells, illusionist_spells, "magic_user_spells",thief_skills, turn_undead, thac, saving_throws, proficiencies, special_abilities, hd, hp_bonus)
    VALUES ('Thief', 16, '[1420000, 1640000)', '{}', '{}', '{}', '{}', '{99, 85, 55, 91, 91, 90, 91, 75}', '{}', '{4, 5, 6, 7, 8, 9, 10, 11, 12, 13, 14, 15, 16 , 17, 18, 19, 20, 20, 20, 20, 20}', '{8, 13, 10, 9, 9}', 5, '&Backstab*5%Theives Cant%Read Scrolls', 10, 12);
INSERT INTO class_abilities_variable (class_name, level, xp_range, cleric_spells, druid_spells, illusionist_spells, "magic_user_spells",thief_skills, turn_undead, thac, saving_throws, proficiencies, special_abilities, hd, hp_bonus)
    VALUES ('Thief', 17, '[1640000, 1860000)', '{}', '{}', '{}', '{}', '{99, 89, 58, 92, 92, 92, 92, 80}', '{}', '{2, 3, 4, 5, 6, 7, 8, 9, 10, 11, 12, 13, 14, 15, 16, 17, 18, 19, 20, 20, 20}', '{6, 12, 9, 8, 7}', 6, '&Backstab*5%Theives Cant%Read Scrolls', 10, 14);
INSERT INTO class_abilities_variable (class_name, level, xp_range, cleric_spells, druid_spells, illusionist_spells, "magic_user_spells",thief_skills, turn_undead, thac, saving_throws, proficiencies, special_abilities, hd, hp_bonus)
    VALUES ('Thief', 18, '[1860000, 2080000)', '{}', '{}', '{}', '{}', '{99, 91, 61, 93, 93, 93, 93, 85}', '{}', '{2, 3, 4, 5, 6, 7, 8, 9, 10, 11, 12, 13, 14, 15, 16, 17, 18, 19, 20, 20, 20}', '{6, 12, 9, 8, 7}', 6, '&Backstab*5%Theives Cant%Read Scrolls', 10, 16);
INSERT INTO class_abilities_variable (class_name, level, xp_range, cleric_spells, druid_spells, illusionist_spells, "magic_user_spells",thief_skills, turn_undead, thac, saving_throws, proficiencies, special_abilities, hd, hp_bonus)
    VALUES ('Thief', 19, '[2080000, 2300000)', '{}', '{}', '{}', '{}', '{99, 93, 64, 94, 94, 94, 94, 90}', '{}', '{2, 3, 4, 5, 6, 7, 8, 9, 10, 11, 12, 13, 14, 15, 16, 17, 18, 19, 20, 20, 20}', '{6, 12, 9, 8, 7}', 6, '&Backstab*5%Theives Cant%Read Scrolls', 10, 18);
INSERT INTO class_abilities_variable (class_name, level, xp_range, cleric_spells, druid_spells, illusionist_spells, "magic_user_spells",thief_skills, turn_undead, thac, saving_throws, proficiencies, special_abilities, hd, hp_bonus)
    VALUES ('Thief', 20, '[2300000, 2520000)', '{}', '{}', '{}', '{}', '{99, 95, 67, 95, 95, 95, 95, 92}', '{}', '{2, 3, 4, 5, 6, 7, 8, 9, 10, 11, 12, 13, 14, 15, 16, 17, 18, 19, 20, 20, 20}', '{6, 12, 9, 8, 7}', 6, '&Backstab*5%Theives Cant%Read Scrolls', 10, 20);
INSERT INTO class_abilities_variable (class_name, level, xp_range, cleric_spells, druid_spells, illusionist_spells, "magic_user_spells",thief_skills, turn_undead, thac, saving_throws, proficiencies, special_abilities, hd, hp_bonus)
    VALUES ('Thief', 21, '[2520000, 2740000)', '{}', '{}', '{}', '{}', '{99, 97, 70, 96, 96, 96, 96, 94}', '{}', '{0, 1, 2, 3, 4, 5, 6, 7, 8, 9, 10, 11, 12 , 13, 14, 15, 16, 17, 18, 19, 20}', '{4, 11, 8, 7, 5}', 7, '&Backstab*6%Theives Cant%Read Scrolls', 10, 22);
INSERT INTO class_abilities_variable (class_name, level, xp_range, cleric_spells, druid_spells, illusionist_spells, "magic_user_spells",thief_skills, turn_undead, thac, saving_throws, proficiencies, special_abilities, hd, hp_bonus)
    VALUES ('Thief', 22, '[2740000, 2960000)', '{}', '{}', '{}', '{}', '{99, 99, 73, 97, 97, 97, 97, 96}', '{}', '{0, 1, 2, 3, 4, 5, 6, 7, 8, 9, 10, 11, 12 , 13, 14, 15, 16, 17, 18, 19, 20}', '{4, 11, 8, 7, 5}', 7, '&Backstab*6%Theives Cant%Read Scrolls', 10, 24);
INSERT INTO class_abilities_variable (class_name, level, xp_range, cleric_spells, druid_spells, illusionist_spells, "magic_user_spells",thief_skills, turn_undead, thac, saving_throws, proficiencies, special_abilities, hd, hp_bonus)
    VALUES ('Thief', 23, '[2960000, 3180000)', '{}', '{}', '{}', '{}', '{99, 99, 76, 98, 98, 98, 98, 98}', '{}', '{0, 1, 2, 3, 4, 5, 6, 7, 8, 9, 10, 11, 12 , 13, 14, 15, 16, 17, 18, 19, 20}', '{4, 11, 8, 7, 5}', 7, '&Backstab*6%Theives Cant%Read Scrolls', 10, 26);
INSERT INTO class_abilities_variable (class_name, level, xp_range, cleric_spells, druid_spells, illusionist_spells, "magic_user_spells",thief_skills, turn_undead, thac, saving_throws, proficiencies, special_abilities, hd, hp_bonus)
    VALUES ('Thief', 24, '[3180000, 1000000000]', '{}', '{}', '{}', '{}', '{99, 99, 79, 99, 99, 99, 99, 99}', '{}', '{0, 1, 2, 3, 4, 5, 6, 7, 8, 9, 10, 11, 12 , 13, 14, 15, 16, 17, 18, 19, 20}', '{4, 11, 8, 7, 5}', 7, '&Backstab*6%Theives Cant%Read Scrolls', 10, 28);

-----> race 
INSERT INTO race (name, vision, special_abilities, detections, resistances, base_movement, special_movement, thief_adj, stat_adj, min_stats, max_stats, add_languages, starting_age, class_options, racial_languages)
    VALUES ('Dwarf', 'Infravision: 60ft', '&+1 to hit against goblins, half-orcs, hobgoblins, and orcs&+1 cha vs. dwarves', '&Stone Work', '&-4 penalty to any attacks made against dwarves by giants, ogres, ogre mages, titans, and trolls', 90, '', '{-10, 15, 0, 0, -5, 15, 0, -5}', '{0, 0, 0, 0, 1, -1, 0}', '{8, 3, 3, 3, 12, 3}', '{18, 18, 18, 17, 19, 16}', 2, '{250+2d20, 40+5D4, 200+5D8, 75+3D6}', '{Assassin, Cleric, Fighter, Thief, Fighter/Thief}', '{Dwarfish, Gnome, Goblin, Kobold, Orcish, Alignment-Tongue, Common}');
INSERT INTO race (name, vision, special_abilities, detections, resistances, base_movement, special_movement, thief_adj, stat_adj, min_stats, max_stats, add_languages, starting_age, class_options, racial_languages)
    VALUES ('Elf', 'Infravision: 60ft', '&+1 to hit w/ pulled bows as well as long and short swords&Surprise', '&Secret Doors' , '&90% resistance to sleep & charm spells', 120, '', '{-5, 5, 5, 10, 5, -5, 5, 10}', '{0, 0, 0, 1, -1, 0, 0}', '{3, 8, 3, 7, 8, 8}', '{18, 18, 18, 19, 17, 18}', 4, '{500+10d10, 130+5d6, 150+5d6, 100+5d6}','{Assassin, Cleric, Fighter, Magic-User, Thief, Fighter/Magic-User, Fighter/Thief, Magic-User/Thief, Fighter/Magic-User/Thief}',  '{Common, Elven, Gnoll, Gnome, Goblin, Halfling, Hobgoblin, Orcish}');    
INSERT INTO race (name, vision, special_abilities, detections, resistances, base_movement, special_movement, thief_adj, stat_adj, min_stats, max_stats, add_languages, starting_age, class_options, racial_languages)
    VALUES ('Gnome', 'Infravision: 60ft', '&+1 to hit against kobolds and goblins', '&Stone Work', '&-4 penalty to any attacks made against dwarves by giants, ogres, ogre mages, titans, and trolls', 90, '', '{-15, 0, 5, 0, 0, 10, 0, 0}', '{0, 0, 0, 0, 0, 0, 0}', '{6, 7, 3, 3, 8, 3}', '{18, 18, 18, 18, 18, 18}', 2, '{300+3d12, 60+5d4, 100+2d12, 80+5d4}','{Assassin, Cleric, Fighter, Illusionist, Thief, Fighter/Illusionist, Fighter/Thief, Illusionist/Thief}',  '{Common, Dwarvish, Gnome, Goblin, Halfling, Kobold, Normal-Burrowing-Mammal}');
INSERT INTO race (name, vision, special_abilities, detections, resistances, base_movement, special_movement, thief_adj, stat_adj, min_stats, max_stats, add_languages, starting_age, class_options, racial_languages)
    VALUES ('Half-Elf', 'Infravision: 60ft', '', '&Secret Doors', '&30% resistance to sleep & charm spells', 120, '', '{0, 0, 0, 5, 0, 0, 10, 0}', '{0, 0, 0, 0, 0, 0, 0}', '{3, 4, 3, 6, 6, 3}', '{18, 18, 18, 18, 18, 18}', 10, '{40+2d4, 22+3d4, 30+2d8, 222+3d8}','{Assassin, Cleric, Fighter, Magic-User, Ranger, Thief, Cleric/Fighter, Cleric/Ranger, Cleric/Magic-User, Fighter/Magic-User, Fighter/Thief, Magic-User/Thief, Cleric/Fighter/Magic-User, Fighter/Magic-User/Thief}',  '{Common, Elven, Gnoll, Gnome, Goblin, Halfling, Hobgoblin, Orcish}');
INSERT INTO race (name, vision, special_abilities, detections, resistances, base_movement, special_movement, thief_adj, stat_adj, min_stats, max_stats, add_languages, starting_age, class_options, racial_languages)
    VALUES ('Halfling', 'Infravision: 60ft', '&Surprise&+3 to hit w/ a bow or sling', '', '', 90, '', '{5, 0, 0, 0, 0, 5, 0, 0}', '{-1, 0, 0, 1, 0, 0, 0}', '{6, 6, 3, 8, 10, 3}', '{17, 18, 17, 19, 18, 18}', 2, '{40+3d4, 20+3d4, 30+3d8, 40+2d4}', '{Druid, Fighter, Thief, Fighter/Thief}', '{Common, Dwarvish, Gnome, Goblin, Halfling, Orcish}');
INSERT INTO race (name, vision, special_abilities, detections, resistances, base_movement, special_movement, thief_adj, stat_adj, min_stats, max_stats, add_languages, starting_age, class_options, racial_languages)
    VALUES ('Half-Orc', 'Infravision: 60ft', '', '', '', 120, '', '{5, 0, 0, 0, 0, 5, 0, 0}', '{1, 0, 0, 0, 1, -2, 0}', '{6, 3, 3, 3, 13, 3}', '{18, 17, 14, 17, 19, 12}', 2, '{20+1d4, 13+1d4, 24+2d8, 20+2d4}', '{Assassin, Cleric, Fighter, Thief, Cleric/Fighter, Cleric/Thief, Cleric/Assassin, Fighter/Thief, Fighter/Assassin}', '{Common, Orcish}');
INSERT INTO race (name, vision, special_abilities, detections, resistances, base_movement, special_movement, thief_adj, stat_adj, min_stats, max_stats, add_languages, starting_age, class_options, racial_languages)
    VALUES ('Human', 'normal', '', '', '', 120, '', '{5, 0, 0, 0, 0, 5, 0, 0}', '{0, 0, 0, 0, 0, 0, 0}', '{3, 3, 3, 3, 3, 3}', '{18, 18, 18, 18, 18, 18}', 10, '{20+1d4, 15+1d4, 24+2d8, 20+1d4}', '{Assassin, Cleric, Druid, Fighter, Illusionist, Magic-User, Paladin, Ranger, Thief}', '{Common}');

-----> weapons
INSERT INTO weapon (name, damage_small_medium, damage_large, ammo_types, encumbrance)
    VALUES ('Battle-Axe', '1d8', '1d8', '{}', 70);
INSERT INTO weapon (name, damage_small_medium, damage_large, ammo_types, encumbrance)
    VALUES ('Hand-Axe', '1d6', '1d4', '{Hand-Axe}', 50);
INSERT INTO weapon (name, damage_small_medium, damage_large, ammo_types, encumbrance)
    VALUES ('Long-Bow', 'N/A', 'N/A', '{Long-Bow-Arrow}', 120);
INSERT INTO weapon (name, damage_small_medium, damage_large, ammo_types, encumbrance)
    VALUES ('Short-Bow', 'N/A', 'N/A', '{Short-Bow-Arrow}', 80);
INSERT INTO weapon (name, damage_small_medium, damage_large, ammo_types, encumbrance)
    VALUES ('Composite-Long-Bow', 'N/A', 'N/A', '{Composite-Long-Bow-Arrow}', 130);
INSERT INTO weapon (name, damage_small_medium, damage_large, ammo_types, encumbrance)
    VALUES ('Composite-Short-Bow', 'N/A', 'N/A', '{Short-Bow-Arrow}', 90);
INSERT INTO weapon (name, damage_small_medium, damage_large, ammo_types, encumbrance)
    VALUES ('Club', '1d4', '1d3', '{Club}', 30);
INSERT INTO weapon (name, damage_small_medium, damage_large, ammo_types, encumbrance)
    VALUES ('Heavy-Crossbow', '1d4', '1d3', '{Heavy-Crossbow-Bolt}', 120);
INSERT INTO weapon (name, damage_small_medium, damage_large, ammo_types, encumbrance)
    VALUES ('Light-Crossbow', '1d4', '1d3', '{Light-Crossbow-Bolt}', 40);
INSERT INTO weapon (name, damage_small_medium, damage_large, ammo_types, encumbrance)
    VALUES ('Dagger', '1d4', '1d3', '{Dagger}', 10);
INSERT INTO weapon (name, damage_small_medium, damage_large, ammo_types, encumbrance)
    VALUES ('Dart', 'N/A', 'N/A', '{Dart}', 5);
INSERT INTO weapon (name, damage_small_medium, damage_large, ammo_types, encumbrance)
    VALUES ('Heavy-Flail', '1d6+1', '2d4', '{}', 100);
INSERT INTO weapon (name, damage_small_medium, damage_large, ammo_types, encumbrance)
    VALUES ('Light-Flail', '1d4+1', '1d4+1', '{}', 40);
INSERT INTO weapon (name, damage_small_medium, damage_large, ammo_types, encumbrance)
    VALUES ('Halberd', '1d10', '2d6', '{}', 180);
INSERT INTO weapon (name, damage_small_medium, damage_large, ammo_types, encumbrance)
    VALUES ('Heavy-War-Hammer', '1d6+1', '1d6', '{}', 100);
INSERT INTO weapon (name, damage_small_medium, damage_large, ammo_types, encumbrance)
    VALUES ('Light-War-Hammer', '1d4+1', '1d4', '{Hammer}', 50);
INSERT INTO weapon (name, damage_small_medium, damage_large, ammo_types, encumbrance)
    VALUES ('Javelin', '1d6', '1d4', '{Javelin}', 40);
INSERT INTO weapon (name, damage_small_medium, damage_large, ammo_types, encumbrance)
    VALUES ('Lance', '2d4+1', '3d6', '{}', 150);
INSERT INTO weapon (name, damage_small_medium, damage_large, ammo_types, encumbrance)
    VALUES ('Heavy-Mace', '1d6+1', '1d6', '{}', 100);
INSERT INTO weapon (name, damage_small_medium, damage_large, ammo_types, encumbrance)
    VALUES ('Light-Mace', '1d4+1', '1d4+1', '{}', 50);
INSERT INTO weapon (name, damage_small_medium, damage_large, ammo_types, encumbrance)
    VALUES ('Morning-Star', '2d4', '1d6+1', '{}', 120);
INSERT INTO weapon (name, damage_small_medium, damage_large, ammo_types, encumbrance)
    VALUES ('Heavy-Pick', '1d6+1', '2d4', '{}', 100);
INSERT INTO weapon (name, damage_small_medium, damage_large, ammo_types, encumbrance)
    VALUES ('Light-Pick', '1d4+1', '1d4', '{}', 40);
INSERT INTO weapon (name, damage_small_medium, damage_large, ammo_types, encumbrance)
    VALUES ('Pole-Arm', '1d6+1', '1d10', '{}', 80);
INSERT INTO weapon (name, damage_small_medium, damage_large, ammo_types, encumbrance)
    VALUES ('Sling', 'N/A', 'N/A', '{Sling-Stone, Sling-Bullet}', 5);
INSERT INTO weapon (name, damage_small_medium, damage_large, ammo_types, encumbrance)
    VALUES ('Spear', '1d6', '1d8', '{Spear}', 50);
INSERT INTO weapon (name, damage_small_medium, damage_large, ammo_types, encumbrance)
    VALUES ('Staff', '1d6', '1d6', '{}', 50);
INSERT INTO weapon (name, damage_small_medium, damage_large, ammo_types, encumbrance)
    VALUES ('Bastard-Sword', '2d4', '2d8', '{}', 100);
INSERT INTO weapon (name, damage_small_medium, damage_large, ammo_types, encumbrance)
    VALUES ('Broad-Sword', '2d4', '1d6+1', '{}', 80);
INSERT INTO weapon (name, damage_small_medium, damage_large, ammo_types, encumbrance)
    VALUES ('Long-Sword', '1d8', '1d12', '{}', 70);
INSERT INTO weapon (name, damage_small_medium, damage_large, ammo_types, encumbrance)
    VALUES ('Scimitar', '1d8', '1d8', '{}', 50);
INSERT INTO weapon (name, damage_small_medium, damage_large, ammo_types, encumbrance)
    VALUES ('Short-Sword', '1d6', '1d8', '{}', 30);
INSERT INTO weapon (name, damage_small_medium, damage_large, ammo_types, encumbrance)
    VALUES ('Two-Handed-Sword', '1d10', '3d6', '{}', 250);
INSERT INTO weapon (name, damage_small_medium, damage_large, ammo_types, encumbrance)
    VALUES ('Trident', '1d6+1', '3d4', '{}', 50);
-----> ammo
INSERT INTO ammo (type, name, damage_small_medium, damage_large, rate_of_fire, range, encumbrance)
    VALUES ('Hand-Axe', 'Axe', '1d6', '1d4', '1', 10, 50);
INSERT INTO ammo (type, name, damage_small_medium, damage_large, rate_of_fire, range, encumbrance)
    VALUES ('Short-Bow-Arrow', 'Arrow', '1d6', '1d6', '2', 50, 3);
INSERT INTO ammo (type, name, damage_small_medium, damage_large, rate_of_fire, range, encumbrance)
    VALUES ('Long-Bow-Arrow', 'Arrow', '1d6', '1d6', '2', 70, 3);
INSERT INTO ammo (type, name, damage_small_medium, damage_large, rate_of_fire, range, encumbrance)
    VALUES ('Composite-Long-Bow-Arrow', 'Arrow', '1d6', '1d6', '2', 60, 3);
INSERT INTO ammo (type, name, damage_small_medium, damage_large, rate_of_fire, range, encumbrance)
    VALUES ('Heavy-Crossbow-Bolt', 'Heavy-Bolt', '1d6+1', '1d6+1', '1/2', 60, 3);
INSERT INTO ammo (type, name, damage_small_medium, damage_large, rate_of_fire, range, encumbrance)
    VALUES ('Light-Crossbow-Bolt', 'Light-Bolt', '1d4+1', '1d4+1', '1', 60, 3);
INSERT INTO ammo (type, name, damage_small_medium, damage_large, rate_of_fire, range, encumbrance)
    VALUES ('Club', 'Club', '1d4', '1d3', '1', 10, 30);
INSERT INTO ammo (type, name, damage_small_medium, damage_large, rate_of_fire, range, encumbrance)
    VALUES ('Dagger', 'Dagger', '1d4', '1d4', '2', 10, 10);
INSERT INTO ammo (type, name, damage_small_medium, damage_large, rate_of_fire, range, encumbrance)
    VALUES ('Dart', 'Dart', '1d3', '1d2', '3', 15, 5);
INSERT INTO ammo (type, name, damage_small_medium, damage_large, rate_of_fire, range, encumbrance)
    VALUES ('Hammer', 'Hammer', '1d4+1', '1d4', '1', 10, 50);
INSERT INTO ammo (type, name, damage_small_medium, damage_large, rate_of_fire, range, encumbrance)
    VALUES ('Javelin', 'Javelin', '1d6', '1d4', '1', 20, 20);
INSERT INTO ammo (type, name, damage_small_medium, damage_large, rate_of_fire, range, encumbrance)
    VALUES ('Sling-Stone', 'Sling-Stone', '1d4', '1d4', '1', 35, 5);
INSERT INTO ammo (type, name, damage_small_medium, damage_large, rate_of_fire, range, encumbrance)
    VALUES ('Sling-Bullet', 'Sling-Bullet', '1d4+1', '1d6+1', '1' ,35, 5);
INSERT INTO ammo (type, name, damage_small_medium, damage_large, rate_of_fire, range, encumbrance)
    VALUES ('Spear', 'Spear', '1d6', '1d8', '1', 15, 50);
-----> armor
INSERT INTO armor (name, encumbrance, max_move, ac_mod) 
    VALUES ('None', 0, 120, 0);
INSERT INTO armor (name, encumbrance, max_move, ac_mod) 
    VALUES ('Banded', 350, 90, -6);
INSERT INTO armor (name, encumbrance, max_move, ac_mod) 
    VALUES ('Chain', 300, 90, -5);
INSERT INTO armor (name, encumbrance, max_move, ac_mod) 
    VALUES ('Elfin-Chain', 150, 120, -5);
INSERT INTO armor (name, encumbrance, max_move, ac_mod) 
    VALUES ('Leather', 150, 120, -2);
INSERT INTO armor (name, encumbrance, max_move, ac_mod) 
    VALUES ('Padded', 100, 90, -2);
INSERT INTO armor (name, encumbrance, max_move, ac_mod) 
    VALUES ('Plate', 450, 60, -7);
INSERT INTO armor (name, encumbrance, max_move, ac_mod) 
    VALUES ('Ring', 350, 90, -3);
INSERT INTO armor (name, encumbrance, max_move, ac_mod) 
    VALUES ('Scale', 400, 60, -4);
INSERT INTO armor (name, encumbrance, max_move, ac_mod) 
    VALUES ('Splint', 400, 60, -6);
INSERT INTO armor (name, encumbrance, max_move, ac_mod) 
    VALUES ('Studded', 200, 90, -3);
--> shields
INSERT INTO armor (name, encumbrance, max_move, ac_mod)
    VALUES ('Large-Shield', 100, 120, -1);
INSERT INTO armor (name, encumbrance, max_move, ac_mod)
    VALUES ('Medium-Shield', 80, 120, -1);
INSERT INTO armor (name, encumbrance, max_move, ac_mod)
    VALUES ('Small-Shield', 50, 120, -1);
INSERT INTO armor (name, encumbrance, max_move, ac_mod)
    VALUES ('Wooden-Shield', 50, 120, -1);
